customer_id,health_score,health_segment,churn_probability,sentiment_mean,recency_days,frequency,monetary_avg,clv
CUST-00493,98.32,Healthy,0.0,1.0,-5,20,336.6565,224437.6666666667
CUST-00130,95.71,Healthy,0.0,1.0,9,17,315.0788235294117,178544.66666666663
CUST-00792,95.02,Healthy,0.0,1.0,9,19,239.5910526315789,151740.99999999997
CUST-00269,94.71,Healthy,0.0,1.0,0,20,188.938,125958.66666666666
CUST-00640,94.18,Healthy,0.0,1.0,-2,16,253.90875,135418.0
CUST-00164,93.86,Healthy,0.0,1.0,10,12,351.17333333333335,140469.33333333334
CUST-00080,93.84,Healthy,0.0,1.0,47,20,227.2915,151527.66666666666
CUST-00167,93.73,Healthy,0.0,1.0,-3,18,187.27166666666665,112363.0
CUST-00183,92.83,Healthy,0.0,1.0,6,17,185.9658823529412,105380.66666666669
CUST-00667,92.26,Healthy,0.008,0.8,28,20,271.467,180978.0
CUST-00279,92.1,Healthy,0.0,1.0,-3,14,208.3378571428572,97224.33333333336
CUST-00200,92.07,Healthy,0.0,0.8205128205128205,0,18,236.58944444444444,141953.66666666666
CUST-00762,91.71,Healthy,0.0,1.0,11,9,328.2333333333333,98470.0
CUST-00797,91.4,Healthy,0.0,0.7333333333333334,6,17,296.88,168232.0
CUST-00401,91.29,Healthy,0.0,0.7142857142857143,-5,18,263.7288888888889,158237.33333333334
CUST-00049,90.96,Healthy,0.004,0.5833333333333334,1,19,328.0936842105263,207792.66666666663
CUST-00624,89.92,Healthy,0.004,0.7407407407407408,24,18,241.0783333333333,144646.99999999997
CUST-00402,89.85,Healthy,0.004,0.4615384615384615,-2,19,354.2136842105263,224335.3333333333
CUST-00517,89.64,Healthy,0.004,1.0,36,16,126.68125,67563.33333333334
CUST-00103,89.43,Healthy,0.0,0.6666666666666666,6,13,346.09153846153845,149973.0
CUST-00053,89.25,Healthy,0.0,0.6666666666666667,1,11,376.3109090909091,137980.6666666667
CUST-00671,89.01,Healthy,0.0,0.75,6,14,251.23142857142847,117241.33333333331
CUST-00701,89.0,Healthy,0.008,0.8,1,20,87.20599999999999,58137.33333333333
CUST-00676,88.99,Healthy,0.004,1.0,47,11,230.50090909090912,84517.00000000001
CUST-00286,88.96,Healthy,0.0,0.75,52,15,300.69666666666666,150348.33333333334
CUST-00316,88.89,Healthy,0.0,0.6666666666666666,4,20,159.7045,106469.66666666669
CUST-00531,88.84,Healthy,0.0,0.75,40,14,299.2714285714286,139660.0
CUST-00745,88.79,Healthy,0.0,0.6666666666666666,6,17,227.17058823529413,128730.0
CUST-00444,88.79,Healthy,0.0,0.7407407407407408,-2,15,211.90733333333336,105953.66666666669
CUST-00135,88.71,Healthy,0.0,1.0,108,9,355.8833333333333,106765.0
CUST-00309,88.66,Healthy,0.0,0.4583333333333333,5,19,309.1136842105263,195772.0
CUST-00528,88.6,Healthy,0.0,0.6666666666666666,-5,16,224.024375,119479.66666666669
CUST-00115,88.4,Healthy,0.0,0.75,16,20,104.0065,69337.66666666667
CUST-00431,88.37,Healthy,0.0,0.5,19,18,315.06611111111107,189039.66666666663
CUST-00673,88.33,Healthy,0.0,1.0,25,15,67.994,33997.0
CUST-00694,88.1,Healthy,0.0,0.5714285714285714,2,19,206.9184210526316,131048.33333333334
CUST-00006,88.07,Healthy,0.0,0.611111111111111,8,12,349.6816666666667,139872.6666666667
CUST-00570,88.05,Healthy,0.0,1.0,37,8,235.525,62806.66666666667
CUST-00333,88.01,Healthy,0.008,0.8,4,18,95.03666666666668,57022.00000000001
CUST-00101,87.89,Healthy,0.0,0.75,34,10,339.536,113178.66666666669
CUST-00700,87.83,Healthy,0.0,0.3333333333333333,-2,19,343.0457894736842,217262.3333333333
CUST-00653,87.82,Healthy,0.0,0.3333333333333333,7,19,357.22315789473686,226241.33333333337
CUST-00127,87.75,Healthy,0.0,0.5,15,17,304.9317647058824,172794.66666666672
CUST-00185,87.67,Healthy,0.0,0.5,-2,16,296.754375,158269.0
CUST-00421,87.63,Healthy,0.008,0.4102564102564102,11,17,365.21,206952.3333333333
CUST-00519,87.39,Healthy,0.0,1.0,21,12,89.41250000000001,35765.0
CUST-00028,87.37,Healthy,0.012,0.3611111111111111,12,19,348.6826315789474,220832.3333333333
CUST-00144,87.29,Healthy,0.004,0.6296296296296297,-4,15,222.75333333333336,111376.66666666669
CUST-00579,87.24,Healthy,0.0,0.7777777777777778,-5,19,24.81736842105263,15717.666666666666
CUST-00302,87.14,Healthy,0.0,0.3333333333333333,0,17,362.14,205212.6666666667
CUST-00382,87.09,Healthy,0.0,0.711111111111111,0,8,320.92375,85579.66666666667
CUST-00494,87.09,Healthy,0.004,0.6153846153846154,4,18,168.01611111111112,100809.66666666669
CUST-00074,87.07,Healthy,0.0,0.5666666666666667,32,15,305.41200000000003,152706.00000000003
CUST-00642,87.05,Healthy,0.0,0.3333333333333333,1,17,359.6941176470588,203826.6666666667
CUST-00577,86.89,Healthy,0.0,0.8888888888888888,10,5,282.218,47036.33333333334
CUST-00404,86.75,Healthy,0.0,0.25,0,18,376.6322222222223,225979.3333333334
CUST-00525,86.73,Healthy,0.004,0.5151515151515151,-4,20,158.6195,105746.33333333331
CUST-00609,86.54,Healthy,0.0,1.0,51,9,170.08777777777777,51026.333333333336
CUST-00065,86.52,Healthy,0.008,0.4666666666666667,-3,15,303.81333333333333,151906.66666666666
CUST-00306,86.5,Healthy,0.0,0.75,20,13,188.47230769230768,81671.33333333333
CUST-00186,86.4,Healthy,0.0,0.4,10,16,325.973125,173852.33333333334
CUST-00704,86.34,Healthy,0.0,0.8,20,18,34.84888888888889,20909.33333333333
CUST-00227,86.25,Healthy,0.0,0.3333333333333333,9,17,338.1,191590.00000000003
CUST-00730,86.14,Healthy,0.0,0.5,15,14,303.7507142857143,141750.33333333334
CUST-00588,86.13,Healthy,0.0,0.3333333333333333,0,18,295.795,177477.00000000003
CUST-00751,86.1,Healthy,0.0,0.4,7,17,285.6341176470588,161859.33333333334
CUST-00644,86.0,Healthy,0.0,0.6666666666666666,-2,16,116.8725,62332.0
CUST-00203,85.85,Healthy,0.0,0.5555555555555556,-5,18,131.72166666666666,79033.0
CUST-00285,85.84,Healthy,0.0,0.4285714285714285,69,19,310.24368421052634,196487.6666666667
CUST-00425,85.83,Healthy,0.0,0.2857142857142857,5,20,275.892,183928.0
CUST-00655,85.82,Healthy,0.0,0.7083333333333334,29,10,269.249,89749.66666666667
CUST-00039,85.78,Healthy,0.0,0.3636363636363636,2,20,218.389,145592.6666666667
CUST-00645,85.61,Healthy,0.0,0.5,13,11,346.5081818181818,127053.0
CUST-00469,85.59,Healthy,0.0,0.7083333333333334,70,9,348.63444444444445,104590.33333333334
CUST-00064,85.59,Healthy,0.0,0.5666666666666667,21,19,132.6463157894737,84009.33333333334
CUST-00385,85.53,Healthy,0.012,0.4615384615384615,15,19,208.89105263157893,132297.66666666666
CUST-00139,85.4,Healthy,0.0,0.6666666666666666,91,20,149.8105,99873.66666666669
CUST-00019,85.37,Healthy,0.0,1.0,39,9,100.2011111111111,30060.33333333333
CUST-00311,85.37,Healthy,0.0,0.5555555555555556,75,18,240.44666666666663,144267.99999999997
CUST-00234,85.37,Healthy,0.0,1.0,57,7,174.79714285714286,40786.0
CUST-00648,85.3,Healthy,0.0,0.5,14,14,266.19214285714287,124223.0
CUST-00172,85.29,Healthy,0.0,0.4074074074074074,4,15,286.71933333333334,143359.66666666666
CUST-00480,85.29,Healthy,0.0,0.3,26,19,300.3384210526316,190214.3333333333
CUST-00304,85.29,Healthy,0.0,0.4074074074074074,17,19,215.97578947368424,136784.66666666672
CUST-00113,85.16,Healthy,0.004,0.5,27,18,196.67111111111112,118002.66666666669
CUST-00004,85.12,Healthy,0.02,1.0,122,9,258.22333333333336,77467.00000000001
CUST-00063,85.08,Healthy,0.0,0.2222222222222222,8,18,335.3744444444444,201224.66666666663
CUST-00046,85.04,Healthy,0.0,0.4444444444444444,-3,11,331.71181818181816,121627.66666666669
CUST-00666,85.03,Healthy,0.004,0.380952380952381,47,18,300.405,180243.0
CUST-00420,85.0,Healthy,0.004,1.0,13,8,71.66,19109.33333333333
CUST-00687,85.0,Healthy,0.0,0.5833333333333334,22,11,280.51454545454544,102855.33333333331
CUST-00303,84.98,Healthy,0.0,0.5,6,13,262.09384615384613,113574.0
CUST-00026,84.96,Healthy,0.0,0.3333333333333333,0,20,199.492,132994.66666666666
CUST-00743,84.88,Healthy,0.004,0.6666666666666667,1,11,194.5654545454545,71340.66666666664
CUST-00280,84.87,Healthy,0.0,0.6,0,20,22.9,15266.666666666668
CUST-00467,84.82,Healthy,0.0,0.3333333333333333,11,19,234.2663157894737,148368.6666666667
CUST-00301,84.8,Healthy,0.0,0.3333333333333333,20,18,270.8111111111112,162486.66666666672
CUST-00331,84.79,Healthy,0.004,1.0,86,3,295.05333333333334,29505.333333333336
CUST-00603,84.77,Healthy,0.0,0.25,-4,20,238.5945,159063.00000000003
CUST-00631,84.74,Healthy,0.0,0.380952380952381,50,19,263.1557894736842,166665.33333333334
CUST-00453,84.72,Healthy,0.0,0.5238095238095238,-5,20,57.6095,38406.333333333336
CUST-00265,84.7,Healthy,0.0,0.3333333333333333,23,16,316.725625,168920.33333333334
CUST-00307,84.64,Healthy,0.0,0.5714285714285714,10,15,162.10866666666666,81054.33333333334
CUST-00180,84.62,Healthy,0.0,0.3333333333333333,16,19,233.59736842105264,147945.00000000003
CUST-00416,84.54,Healthy,0.0,0.4444444444444444,-2,12,288.9216666666667,115568.66666666669
CUST-00658,84.49,Healthy,0.0,0.4666666666666667,24,13,291.8253846153846,126457.66666666669
CUST-00334,84.47,Healthy,0.0,0.6111111111111112,-2,16,86.5825,46177.333333333336
CUST-00427,84.41,Healthy,0.0,0.7,40,9,254.59,76377.0
CUST-00551,84.4,Healthy,0.0,0.5555555555555556,100,16,284.94625,151971.33333333334
CUST-00441,84.35,Healthy,0.004,0.6,14,20,30.3025,20201.666666666664
CUST-00358,84.31,Healthy,0.0,0.3333333333333333,-3,13,326.46384615384613,141467.66666666666
CUST-00783,84.3,Healthy,0.004,1.0,34,8,75.555,20148.000000000004
CUST-00071,84.29,Healthy,0.0,0.4166666666666667,12,19,158.98894736842104,100693.0
CUST-00766,84.29,Healthy,0.0,0.7407407407407408,28,15,66.54666666666667,33273.333333333336
CUST-00397,84.12,Healthy,0.0,0.5333333333333333,45,15,220.926,110463.0
CUST-00795,84.12,Healthy,0.004,0.619047619047619,39,19,71.09315789473685,45025.66666666668
CUST-00233,84.09,Healthy,0.0,0.4814814814814815,10,14,219.4092857142857,102391.0
CUST-00796,84.06,Healthy,0.0,0.5,3,19,80.58842105263159,51039.33333333334
CUST-00728,83.97,Healthy,0.0,0.1111111111111111,-4,19,317.04947368421057,200798.00000000003
CUST-00564,83.96,Healthy,0.004,0.4444444444444444,-4,14,221.7707142857143,103493.0
CUST-00373,83.92,Healthy,0.004,0.8518518518518519,107,7,295.89142857142855,69041.33333333333
CUST-00244,83.89,Healthy,0.0,0.3809523809523809,53,14,345.51928571428573,161242.33333333334
CUST-00764,83.87,Healthy,0.0,0.6666666666666666,31,12,169.47083333333333,67788.33333333334
CUST-00607,83.81,Healthy,0.0,0.358974358974359,3,17,206.52529411764704,117031.0
CUST-00197,83.79,Healthy,0.0,0.3333333333333333,9,15,277.8893333333333,138944.66666666666
CUST-00643,83.71,Healthy,0.0,0.3333333333333333,52,18,275.605,165363.00000000003
CUST-00342,83.6,Healthy,0.004,0.1851851851851852,-2,20,240.372,160248.00000000003
CUST-00395,83.59,Healthy,0.0,0.3333333333333333,28,15,299.7933333333333,149896.66666666666
CUST-00392,83.57,Healthy,0.0,0.4242424242424242,-3,16,167.01875,89076.66666666667
CUST-00109,83.55,Healthy,0.0,0.5833333333333334,11,10,223.2,74400.0
CUST-00408,83.51,Healthy,0.0,0.5,-5,16,112.491875,59995.66666666666
CUST-00131,83.45,Healthy,0.0,0.75,-1,3,251.53333333333333,25153.333333333336
CUST-00070,83.44,Healthy,0.0,0.5714285714285714,1,16,72.66125,38752.66666666666
CUST-00273,83.36,Healthy,0.0,0.3333333333333333,-3,12,308.50166666666667,123400.66666666669
CUST-00073,83.31,Healthy,0.0,0.3333333333333333,19,11,364.7445454545455,133739.6666666667
CUST-00352,83.29,Healthy,0.004,0.1851851851851852,10,14,383.5214285714286,178976.6666666667
CUST-00543,83.28,Healthy,0.0,0.5555555555555556,41,10,278.196,92732.0
CUST-00015,83.27,Healthy,0.0,0.8095238095238095,43,11,93.44545454545457,34263.33333333334
CUST-00562,83.22,Healthy,0.004,0.2222222222222222,0,19,226.14578947368423,143225.6666666667
CUST-00490,83.18,Healthy,0.0,0.125,9,17,340.6941176470588,193060.0
CUST-00781,83.18,Healthy,0.0,0.5,35,17,139.90823529411765,79281.33333333334
CUST-00707,83.16,Healthy,0.0,0.5555555555555556,31,16,119.4325,63697.333333333336
CUST-00121,83.16,Healthy,0.0,0.2857142857142857,5,19,183.7042105263158,116346.0
CUST-00228,83.09,Healthy,0.004,0.380952380952381,15,11,324.91727272727275,119136.33333333334
CUST-00277,83.09,Healthy,0.004,0.5714285714285714,66,10,306.82,102273.33333333331
CUST-00229,83.08,Healthy,0.0,0.3333333333333333,-1,9,368.09,110427.0
CUST-00396,83.05,Healthy,0.0,0.2857142857142857,77,18,318.25944444444445,190955.6666666667
CUST-00215,83.04,Healthy,0.0,0.0303030303030303,-5,19,327.4421052631579,207380.0
CUST-00268,82.98,Healthy,0.004,0.4583333333333333,0,18,85.56222222222223,51337.333333333336
CUST-00646,82.89,Healthy,0.0,0.1904761904761905,-3,15,312.22,156110.0
CUST-00445,82.89,Healthy,0.0,0.2142857142857142,17,16,306.270625,163344.33333333334
CUST-00270,82.85,Healthy,0.0,0.4,12,15,198.90666666666667,99453.33333333331
CUST-00312,82.82,Healthy,0.0,0.4,31,13,274.1207692307692,118785.66666666666
CUST-00578,82.81,Healthy,0.008,0.1111111111111111,12,15,398.0653333333333,199032.66666666663
CUST-00389,82.78,Healthy,0.004,0.5,35,8,335.20375,89387.66666666667
CUST-00050,82.75,Healthy,0.0,0.1481481481481481,7,18,281.1466666666667,168688.00000000003
CUST-00613,82.68,Healthy,0.0,0.5666666666666667,13,16,62.651875,33414.333333333336
CUST-00569,82.67,Healthy,0.0,0.2592592592592593,6,17,226.7535294117647,128493.66666666669
CUST-00058,82.64,Healthy,0.004,0.625,36,8,249.8675,66631.33333333334
CUST-00450,82.63,Healthy,0.0,0.4358974358974359,4,14,176.14642857142857,82201.66666666667
CUST-00654,82.63,Healthy,0.0,0.4285714285714285,4,16,135.039375,72021.0
CUST-00002,82.58,Healthy,0.008,0.5128205128205129,28,14,176.8307142857143,82521.0
CUST-00558,82.55,Healthy,0.0,0.1904761904761905,-2,15,298.86466666666666,149432.33333333334
CUST-00163,82.54,Healthy,0.008,0.5416666666666666,41,8,314.35625,83828.33333333333
CUST-00370,82.54,Healthy,0.0,0.5666666666666667,0,14,81.075,37835.0
CUST-00394,82.5,Healthy,0.012,0.4242424242424242,18,16,175.924375,93826.33333333331
CUST-00464,82.5,Healthy,0.0,0.5,18,18,60.08833333333333,36053.0
CUST-00368,82.47,Healthy,0.0,0.619047619047619,3,12,94.89916666666666,37959.66666666666
CUST-00695,82.45,Healthy,0.0,0.8518518518518519,74,11,80.83545454545455,29639.666666666668
CUST-00241,82.45,Healthy,0.0,0.7142857142857143,72,11,166.87,61185.66666666667
CUST-00510,82.44,Healthy,0.004,0.696969696969697,52,10,174.738,58246.00000000001
CUST-00237,82.44,Healthy,0.004,0.3636363636363636,62,15,292.478,146239.0
CUST-00036,82.44,Healthy,0.0,0.2962962962962963,24,13,313.4646153846154,135834.66666666666
CUST-00398,82.39,Healthy,0.0,0.4,23,19,105.31263157894738,66698.0
CUST-00565,82.34,Healthy,0.0,0.1904761904761905,23,16,307.444375,163970.33333333334
CUST-00169,82.32,Healthy,0.0,0.1555555555555555,-3,15,310.056,155028.0
CUST-00118,82.32,Healthy,0.0,0.5666666666666667,51,15,131.20266666666666,65601.33333333333
CUST-00079,82.32,Healthy,0.0,0.3333333333333333,-2,12,265.3383333333333,106135.33333333331
CUST-00305,82.32,Healthy,0.0,0.25,0,10,368.091,122697.0
CUST-00502,82.3,Healthy,0.0,0.3,-5,18,143.90166666666667,86341.0
CUST-00313,82.29,Healthy,0.0,0.5,0,12,159.03583333333333,63614.33333333333
CUST-00133,82.27,Healthy,0.0,0.2857142857142857,0,19,137.09,86823.66666666667
CUST-00524,82.25,Healthy,0.0,0.4583333333333333,24,10,268.909,89636.33333333334
CUST-00017,82.24,Healthy,0.004,0.282051282051282,33,12,358.55750000000006,143423.00000000003
CUST-00481,82.24,Healthy,0.0,0.3333333333333333,24,18,166.77444444444444,100064.66666666669
CUST-00179,82.23,Healthy,0.008,0.5,84,18,169.36555555555557,101619.33333333334
CUST-00341,82.21,Healthy,0.0,0.1666666666666666,19,15,333.64666666666665,166823.33333333334
CUST-00361,82.17,Healthy,0.0,0.25,30,17,250.19882352941173,141779.33333333334
CUST-00628,82.13,Healthy,0.0,0.1818181818181818,-5,15,281.418,140709.00000000003
CUST-00134,82.11,Healthy,0.0,0.4285714285714285,12,18,79.97166666666666,47983.0
CUST-00417,82.07,Healthy,0.0,0.5,37,13,186.82615384615383,80958.0
CUST-00390,82.07,Healthy,0.0,0.1428571428571428,10,18,260.0761111111111,156045.66666666666
CUST-00787,82.04,Healthy,0.0,0.3333333333333333,19,18,149.7472222222222,89848.33333333333
CUST-00492,82.02,Healthy,0.0,0.375,55,17,203.08235294117648,115080.0
CUST-00455,82.0,Healthy,0.0,0.1428571428571428,29,15,356.18999999999994,178095.0
CUST-00189,82.0,Healthy,0.004,0.3076923076923077,-1,19,116.47421052631576,73766.99999999999
CUST-00083,81.99,Healthy,0.0,0.2051282051282051,0,13,314.35615384615386,136221.0
CUST-00650,81.99,Healthy,0.0,0.1428571428571428,-3,18,235.31944444444449,141191.66666666672
CUST-00760,81.96,Healthy,0.004,-0.0277777777777777,18,17,408.2076470588235,231317.66666666663
CUST-00412,81.95,Healthy,0.0,0.25,3,10,356.908,118969.33333333331
CUST-00424,81.94,Healthy,0.0,0.3333333333333333,15,15,207.75266666666667,103876.33333333334
CUST-00430,81.87,Healthy,0.0,0.3333333333333333,8,10,307.788,102596.0
CUST-00770,81.85,Healthy,0.0,0.4666666666666667,48,11,262.5172727272727,96256.33333333331
CUST-00718,81.84,Healthy,0.0,0.4285714285714285,37,20,62.9285,41952.333333333336
CUST-00582,81.8,Healthy,0.0,0.2727272727272727,32,13,314.13461538461536,136125.0
CUST-00566,81.76,Healthy,0.0,0.0,-1,20,275.399,183599.3333333333
CUST-00476,81.72,Healthy,0.008,0.5,23,18,48.44611111111111,29067.666666666668
CUST-00776,81.7,Healthy,0.004,0.75,3,10,29.512,9837.333333333334
CUST-00403,81.67,Healthy,0.0,0.3055555555555555,-5,14,204.62071428571429,95489.66666666669
CUST-00433,81.64,Healthy,0.0,0.3333333333333333,-2,14,190.16214285714287,88742.33333333334
CUST-00604,81.53,Healthy,0.0,0.2,11,14,292.5464285714286,136521.6666666667
CUST-00052,81.52,Healthy,0.0,0.1818181818181818,-5,11,346.54,127064.66666666669
CUST-00156,81.52,Healthy,0.0,0.4583333333333333,13,5,334.116,55686.0
CUST-00791,81.49,Healthy,0.0,0.1666666666666666,44,19,251.6652631578948,159388.00000000003
CUST-00355,81.45,Healthy,0.004,0.7083333333333334,41,9,129.98222222222222,38994.66666666666
CUST-00051,81.42,Healthy,0.0,0.1666666666666666,33,16,299.494375,159730.33333333334
CUST-00594,81.41,Healthy,0.0,0.1428571428571428,-5,18,207.32166666666663,124393.0
CUST-00696,81.4,Healthy,0.0,0.2666666666666667,11,18,152.69222222222223,91615.33333333334
CUST-00509,81.39,Healthy,0.004,0.1111111111111111,-1,19,217.54,137775.33333333334
CUST-00259,81.38,Healthy,0.0,-0.0666666666666666,7,19,338.3352631578948,214279.0000000001
CUST-00136,81.36,Healthy,0.0,0.2222222222222222,30,17,233.15,132118.33333333334
CUST-00329,81.35,Healthy,0.0,0.0,-3,20,254.624,169749.3333333333
CUST-00108,81.26,Healthy,0.0,0.1333333333333333,12,14,325.7292857142857,152007.0
CUST-00300,81.25,Healthy,0.0,0.2,44,20,196.8445,131229.6666666667
CUST-00099,81.24,Healthy,0.0,0.1481481481481481,1,14,297.55071428571426,138857.0
CUST-00788,81.22,Healthy,0.0,0.3333333333333333,9,19,75.37736842105264,47739.00000000001
CUST-00365,81.15,Healthy,0.012,1.0,191,5,275.904,45984.0
CUST-00473,81.14,Healthy,0.004,0.4444444444444445,10,12,168.58333333333334,67433.33333333334
CUST-00606,81.1,Healthy,0.0,0.4285714285714285,-4,10,193.349,64449.66666666666
CUST-00129,81.08,Healthy,0.0,0.0,7,17,327.6958823529412,185694.33333333337
CUST-00278,81.07,Healthy,0.0,-0.0238095238095238,11,17,349.0564705882353,197798.6666666667
CUST-00486,81.05,Healthy,0.004,0.4285714285714285,49,13,215.2753846153846,93286.0
CUST-00380,81.03,Healthy,0.012,-0.0333333333333333,-4,17,350.27058823529416,198486.6666666667
CUST-00639,81.02,Healthy,0.0,0.3333333333333333,59,20,124.786,83190.66666666667
CUST-00487,81.02,Healthy,0.0,0.0952380952380952,45,16,347.91625,185555.3333333333
CUST-00733,80.98,Healthy,0.004,0.380952380952381,32,14,192.8192857142857,89982.33333333333
CUST-00641,80.91,Healthy,0.0,0.1428571428571428,18,16,268.42625,143160.66666666666
CUST-00729,80.87,Healthy,0.0,0.1515151515151515,-5,14,269.6364285714285,125830.3333333333
CUST-00688,80.85,Healthy,0.0,0.0,-4,17,300.0323529411765,170018.33333333334
CUST-00693,80.8,Healthy,0.0,0.3333333333333333,-2,9,267.87111111111113,80361.33333333334
CUST-00780,80.8,Healthy,0.0,0.2380952380952381,56,19,195.06052631578947,123538.33333333334
CUST-00602,80.72,Healthy,0.0,0.3055555555555556,11,11,257.91636363636366,94569.33333333334
CUST-00742,80.69,Healthy,0.0,0.3333333333333333,24,8,328.42,87578.66666666667
CUST-00298,80.68,Healthy,0.0,0.2424242424242424,33,18,172.84777777777776,103708.66666666666
CUST-00337,80.66,Healthy,0.0,0.5555555555555556,28,12,98.22583333333334,39290.333333333336
CUST-00205,80.58,Healthy,0.0,0.2,0,20,96.9435,64629.0
CUST-00202,80.5,Healthy,0.0,0.4166666666666667,3,7,254.91,59479.0
CUST-00542,80.48,Healthy,0.004,0.2,17,20,126.8895,84593.0
CUST-00471,80.44,Healthy,0.0,0.1666666666666666,-3,13,267.37076923076927,115860.66666666669
CUST-00434,80.43,Healthy,0.0,0.4,22,16,87.68625,46766.0
CUST-00557,80.43,Healthy,0.0,0.5,6,12,88.68916666666667,35475.666666666664
CUST-00767,80.4,Healthy,0.004,0.3666666666666667,41,14,191.30357142857144,89275.0
CUST-00184,80.38,Healthy,0.0,0.4,26,16,92.246875,49198.333333333336
CUST-00629,80.33,Healthy,0.004,0.4074074074074074,94,16,201.974375,107719.66666666669
CUST-00463,80.33,Healthy,0.0,-0.037037037037037,14,17,330.7994117647059,187453.0
CUST-00092,80.32,Healthy,0.008,0.4814814814814815,21,9,202.50222222222223,60750.66666666667
CUST-00343,80.25,Healthy,0.0,0.5555555555555556,27,12,78.97166666666666,31588.666666666668
CUST-00253,80.22,Healthy,0.004,0.25,17,20,83.39349999999999,55595.66666666666
CUST-00235,80.1,Healthy,0.0,0.2,29,19,146.0121052631579,92474.33333333334
CUST-00777,80.09,Healthy,0.0,-0.2,5,20,342.88,228586.6666666667
CUST-00035,80.03,Healthy,0.004,0.375,49,10,274.643,91547.66666666669
CUST-00448,80.03,Healthy,0.0,0.2,1,10,303.062,101020.66666666669
CUST-00721,80.0,Healthy,0.004,0.3055555555555555,4,17,85.17764705882352,48267.333333333336
CUST-00447,80.0,Healthy,0.0,0.380952380952381,26,13,156.68076923076922,67895.0
CUST-00429,79.99,Healthy,0.0,0.3076923076923077,14,11,230.04,84348.0
CUST-00713,79.97,Healthy,0.0,0.3333333333333333,33,19,60.30631578947368,38194.0
CUST-00290,79.95,Healthy,0.0,-0.1666666666666666,23,19,366.8868421052632,232361.66666666672
CUST-00173,79.94,Healthy,0.0,0.074074074074074,32,19,225.16631578947369,142605.33333333334
CUST-00708,79.91,Healthy,0.0,0.4285714285714285,36,17,46.54294117647059,26374.333333333336
CUST-00138,79.9,Healthy,0.0,-0.074074074074074,-5,14,373.9671428571429,174518.00000000003
CUST-00231,79.9,Healthy,0.0,-0.0555555555555555,18,20,262.096,174730.6666666667
CUST-00499,79.85,Healthy,0.0,0.1333333333333333,25,16,240.30375,128162.0
CUST-00363,79.82,Healthy,0.0,0.3333333333333333,11,12,178.14416666666668,71257.66666666667
CUST-00210,79.81,Healthy,0.004,0.5185185185185186,46,13,98.66,42752.66666666666
CUST-00084,79.76,Healthy,0.0,0.3333333333333333,64,8,353.02750000000003,94140.66666666669
CUST-00023,79.75,Healthy,0.0,0.380952380952381,75,11,270.7245454545454,99265.66666666666
CUST-00589,79.67,Healthy,0.004,0.2888888888888889,17,19,57.25631578947368,36262.33333333333
CUST-00617,79.65,Healthy,0.0,0.4761904761904762,18,15,21.383333333333333,10691.666666666668
CUST-00098,79.63,Healthy,0.0,0.1666666666666666,21,15,225.7033333333333,112851.66666666666
CUST-00652,79.59,Healthy,0.0,0.625,91,7,223.14714285714285,52067.66666666666
CUST-00149,79.55,Healthy,0.004,0.3703703703703704,-2,13,105.78769230769232,45841.33333333334
CUST-00635,79.55,Healthy,0.0,0.037037037037037,18,17,255.46411764705888,144763.00000000006
CUST-00610,79.51,Healthy,0.0,0.2592592592592593,30,16,152.295,81224.0
CUST-00422,79.48,Healthy,0.0,0.125,10,16,205.3675,109529.33333333334
CUST-00386,79.45,Healthy,0.0,0.6666666666666666,25,8,60.46625,16124.333333333334
CUST-00350,79.43,Healthy,0.0,0.1282051282051282,6,12,286.3025,114521.0
CUST-00633,79.39,Healthy,0.0,0.3333333333333333,4,5,308.544,51423.99999999999
CUST-00411,79.32,Healthy,0.0,0.3846153846153846,22,14,95.60428571428572,44615.333333333336
CUST-00400,79.29,Healthy,0.0,0.0222222222222222,-4,16,241.29125,128688.66666666669
CUST-00498,79.28,Healthy,0.0,0.0833333333333333,-1,10,343.078,114359.33333333331
CUST-00800,79.28,Healthy,0.0,0.303030303030303,0,10,202.651,67550.33333333334
CUST-00206,79.2,Healthy,0.0,0.4166666666666667,80,9,277.62,83286.0
CUST-00727,79.18,Healthy,0.0,0.4,39,5,312.612,52102.00000000001
CUST-00560,79.16,Healthy,0.012,0.3333333333333333,89,14,250.935,117103.0
CUST-00057,79.15,Healthy,0.0,0.0952380952380952,19,13,293.7046153846153,127271.99999999996
CUST-00775,79.11,Healthy,0.0,0.375,10,8,210.41125,56109.66666666666
CUST-00193,79.08,Healthy,0.0,0.5555555555555556,61,4,266.0375,35471.66666666667
CUST-00550,79.06,Healthy,0.0,0.282051282051282,2,9,232.79,69837.0
CUST-00031,78.99,Healthy,0.0,0.4583333333333333,17,9,139.82666666666668,41948.0
CUST-00465,78.99,Healthy,0.004,0.5,61,11,145.1009090909091,53203.66666666667
CUST-00715,78.98,Healthy,0.0,0.2777777777777778,27,12,203.7733333333333,81509.33333333333
CUST-00458,78.93,Healthy,0.0,0.6,47,4,208.3225,27776.33333333333
CUST-00662,78.91,Healthy,0.0,0.0952380952380952,7,11,309.60636363636365,113522.33333333334
CUST-00506,78.9,Healthy,0.0,0.0,-4,12,330.26666666666665,132106.66666666666
CUST-00747,78.9,Healthy,0.0,0.2424242424242424,12,17,84.81176470588235,48060.0
CUST-00282,78.86,Healthy,0.0,0.3333333333333333,15,8,234.82,62618.66666666666
CUST-00598,78.79,Healthy,0.0,0.125,46,10,371.251,123750.33333333331
CUST-00016,78.78,Healthy,0.0,0.0952380952380952,-4,17,148.79705882352943,84318.33333333334
CUST-00651,78.75,Healthy,0.0,0.5714285714285714,25,11,23.35090909090909,8562.0
CUST-00501,78.75,Healthy,0.0,0.375,12,7,221.02142857142857,51571.66666666667
CUST-00106,78.74,Healthy,0.0,0.1851851851851852,19,16,149.259375,79605.0
CUST-00674,78.7,Healthy,0.0,0.2051282051282051,17,16,131.38125,70070.0
CUST-00725,78.6,Healthy,0.0,0.0,20,18,219.035,131421.0
CUST-00619,78.58,Healthy,0.0,-0.0666666666666666,30,16,322.94125,172235.33333333334
CUST-00681,78.57,Healthy,0.0,-0.0476190476190476,-5,19,185.1942105263158,117289.66666666669
CUST-00055,78.56,Healthy,0.004,0.25,79,11,317.71363636363634,116495.0
CUST-00209,78.56,Healthy,0.0,0.2,-5,17,70.04352941176471,39691.333333333336
CUST-00091,78.52,Healthy,0.012,0.5555555555555556,128,9,257.04,77112.0
CUST-00750,78.48,Healthy,0.0,0.2307692307692307,36,11,250.3372727272728,91790.33333333336
CUST-00293,78.36,Healthy,0.0,0.3333333333333333,-3,15,24.236666666666668,12118.333333333334
CUST-00078,78.36,Healthy,0.0,0.0606060606060606,11,17,177.71823529411765,100707.0
CUST-00437,78.36,Healthy,0.0,-0.1904761904761904,-2,20,250.536,167024.00000000003
CUST-00089,78.35,Healthy,0.0,0.2222222222222222,12,5,348.524,58087.33333333333
CUST-00242,78.34,Healthy,0.0,0.2857142857142857,10,15,75.03733333333334,37518.66666666666
CUST-00593,78.33,Healthy,0.0,0.4444444444444445,4,4,213.515,28468.666666666664
CUST-00426,78.31,Healthy,0.0,0.3333333333333333,40,18,22.94388888888889,13766.333333333334
CUST-00294,78.31,Healthy,0.0,0.5,38,13,26.043076923076924,11285.333333333334
CUST-00297,78.31,Healthy,0.0,0.3076923076923077,7,6,260.39833333333337,52079.66666666668
CUST-00328,78.3,Healthy,0.0,0.4285714285714285,58,4,309.7375,41298.333333333336
CUST-00260,78.3,Healthy,0.0,-0.0256410256410256,2,13,307.75307692307695,133359.6666666667
CUST-00376,78.26,Healthy,0.008,0.25,21,16,103.633125,55271.00000000001
CUST-00573,78.21,Healthy,0.0,0.0277777777777777,-3,19,124.17157894736845,78642.00000000003
CUST-00066,78.18,Healthy,0.0,0.3666666666666667,-1,10,112.217,37405.66666666667
CUST-00319,78.15,Healthy,0.0,0.380952380952381,12,11,100.00454545454544,36668.33333333333
CUST-00356,78.14,Healthy,0.004,0.0,24,15,280.92266666666666,140461.33333333334
CUST-00194,78.14,Healthy,0.0,0.4285714285714285,93,13,153.98538461538462,66727.0
CUST-00726,78.12,Healthy,0.0,0.3333333333333333,0,12,87.27749999999999,34911.0
CUST-00596,78.07,Healthy,0.0,0.0416666666666666,14,12,296.24833333333333,118499.33333333334
CUST-00752,78.03,Healthy,0.0,0.25,8,17,35.78235294117647,20276.666666666664
CUST-00243,78.03,Healthy,0.012,0.4285714285714285,104,16,119.37125,63664.66666666667
CUST-00128,78.02,Healthy,0.0,0.074074074074074,14,13,250.53384615384616,108564.66666666669
CUST-00571,78.02,Healthy,0.004,0.3333333333333333,91,7,351.2185714285714,81951.0
CUST-00086,77.99,Healthy,0.0,0.1666666666666666,48,13,244.31153846153848,105868.33333333334
CUST-00540,77.93,Healthy,0.008,0.3611111111111111,74,6,331.62166666666667,66324.33333333334
CUST-00250,77.9,Healthy,0.0,-0.2222222222222222,9,17,337.48117647058825,191239.3333333333
CUST-00308,77.88,Healthy,0.0,0.3333333333333333,41,13,120.12538461538462,52054.333333333336
CUST-00216,77.88,Healthy,0.0,0.1538461538461538,4,18,62.135000000000005,37281.0
CUST-00151,77.87,Healthy,0.0,0.2,13,19,23.85,15105.000000000002
CUST-00020,77.86,Healthy,0.0,0.1666666666666666,1,10,230.948,76982.66666666667
CUST-00530,77.82,Healthy,0.0,0.2962962962962963,30,11,169.68636363636364,62218.333333333336
CUST-00539,77.82,Healthy,0.0,0.2380952380952381,18,11,187.95181818181817,68915.66666666666
CUST-00247,77.8,Healthy,0.0,0.0,81,15,351.44800000000004,175724.00000000003
CUST-00438,77.78,Healthy,0.0,0.0476190476190476,-4,8,342.1925,91251.33333333331
CUST-00477,77.77,Healthy,0.0,0.5,90,7,224.20857142857145,52315.333333333336
CUST-00670,77.76,Healthy,0.0,0.1,7,10,279.73,93243.33333333334
CUST-00717,77.73,Healthy,0.0,0.25,57,7,330.88428571428574,77206.33333333334
CUST-00349,77.72,Healthy,0.0,0.25,21,18,20.51944444444445,12311.66666666667
CUST-00111,77.72,Healthy,0.0,0.2222222222222222,16,9,236.3722222222222,70911.66666666667
CUST-00161,77.68,Healthy,0.032,0.2777777777777778,116,13,324.08307692307693,140436.0
CUST-00255,77.68,Healthy,0.0,0.3333333333333333,49,11,170.2118181818182,62411.00000000001
CUST-00523,77.68,Healthy,0.0,0.2727272727272727,53,18,55.855555555555554,33513.333333333336
CUST-00406,77.65,Healthy,0.0,0.0,34,14,291.9164285714286,136227.66666666666
CUST-00339,77.61,Healthy,0.0,-0.0303030303030302,3,20,122.69,81793.33333333334
CUST-00147,77.59,Healthy,0.004,0.0606060606060606,-3,19,83.02315789473684,52581.333333333336
CUST-00102,77.59,Healthy,0.0,0.0666666666666666,-2,17,119.57882352941176,67761.33333333333
CUST-00456,77.58,Healthy,0.0,0.358974358974359,78,8,264.97375,70659.66666666667
CUST-00734,77.58,Healthy,0.0,0.1333333333333333,17,10,266.435,88811.66666666667
CUST-00595,77.55,Healthy,0.0,0.0,17,9,374.3544444444444,112306.33333333331
CUST-00452,77.53,Healthy,0.0,0.0,0,16,185.829375,99109.0
CUST-00669,77.52,Healthy,0.004,0.119047619047619,14,13,206.8084615384616,89617.00000000003
CUST-00038,77.52,Healthy,0.008,0.2777777777777778,8,11,146.66909090909093,53778.66666666667
CUST-00094,77.49,Healthy,0.0,0.1111111111111111,4,14,164.46214285714285,76749.0
CUST-00187,77.41,Healthy,0.008,0.2857142857142857,48,5,338.694,56449.0
CUST-00656,77.39,Healthy,0.0,0.4545454545454545,74,6,233.79166666666663,46758.33333333333
CUST-00338,77.39,Healthy,0.0,-0.037037037037037,2,19,138.4805263157895,87704.33333333334
CUST-00032,77.34,Healthy,0.008,0.3636363636363636,31,5,257.536,42922.66666666667
CUST-00332,77.33,Healthy,0.0,0.2857142857142857,46,14,112.745,52614.333333333336
CUST-00534,77.33,Healthy,0.0,0.0,38,14,284.5128571428571,132772.66666666666
CUST-00686,77.3,Healthy,0.0,0.358974358974359,13,6,193.2,38639.99999999999
CUST-00580,77.3,Healthy,0.0,-0.2666666666666666,9,19,294.5721052631579,186562.3333333333
CUST-00592,77.3,Healthy,0.0,0.4,46,13,60.07769230769231,26033.666666666668
CUST-00439,77.29,Healthy,0.0,0.1481481481481481,6,16,89.285,47618.66666666666
CUST-00391,77.25,Healthy,0.0,0.3809523809523809,14,6,178.34166666666667,35668.333333333336
CUST-00737,77.25,Healthy,0.0,0.0,5,17,159.03235294117647,90118.33333333334
CUST-00691,77.23,Healthy,0.0,0.0833333333333333,25,15,182.44866666666667,91224.33333333334
CUST-00706,77.22,Healthy,0.004,0.5833333333333334,30,8,33.2575,8868.666666666668
CUST-00533,77.19,Healthy,0.0,0.0909090909090909,4,13,187.71461538461537,81343.0
CUST-00095,77.18,Healthy,0.0,-0.0888888888888888,-5,15,243.186,121593.0
CUST-00324,77.17,Healthy,0.004,0.5,3,6,86.945,17389.0
CUST-00632,77.16,Healthy,0.0,0.2380952380952381,31,14,111.69857142857144,52126.00000000001
CUST-00088,77.03,Healthy,0.0,0.3636363636363636,72,5,296.834,49472.333333333336
CUST-00326,77.02,Healthy,0.0,0.3809523809523809,68,13,96.07384615384616,41632.0
CUST-00317,76.95,Healthy,0.004,0.5185185185185186,72,3,245.59666666666664,24559.666666666668
CUST-00165,76.93,Healthy,0.0,0.0909090909090909,2,8,287.5075,76668.66666666667
CUST-00219,76.91,Healthy,0.016,0.2291666666666666,19,6,297.725,59545.00000000001
CUST-00188,76.84,Healthy,0.0,-0.074074074074074,0,15,227.06266666666667,113531.33333333334
CUST-00238,76.83,Healthy,0.008,0.2666666666666666,76,6,348.6483333333333,69729.66666666667
CUST-00181,76.83,Healthy,0.0,0.1666666666666666,15,4,346.2175,46162.33333333333
CUST-00056,76.81,Healthy,0.0,0.3111111111111111,7,11,79.22636363636364,29049.66666666667
CUST-00451,76.79,Healthy,0.0,0.0952380952380952,62,8,375.6975,100186.0
CUST-00012,76.78,Healthy,0.008,0.1666666666666666,10,3,372.7433333333333,37274.33333333333
CUST-00062,76.76,Healthy,0.0,0.2666666666666666,79,8,290.65875,77509.0
CUST-00310,76.72,Healthy,0.016,0.5185185185185186,28,6,116.77833333333332,23355.666666666668
CUST-00496,76.69,Healthy,0.0,0.1666666666666666,20,10,211.137,70379.0
CUST-00785,76.66,Healthy,0.0,0.2,12,14,84.32357142857143,39351.0
CUST-00081,76.66,Healthy,0.0,0.2222222222222222,24,11,157.87363636363636,57887.00000000001
CUST-00060,76.64,Healthy,0.0,0.1666666666666666,0,10,176.78699999999998,58929.0
CUST-00720,76.64,Healthy,0.0,0.1538461538461538,21,11,196.0909090909091,71900.0
CUST-00692,76.63,Healthy,0.0,0.4166666666666667,73,12,86.88166666666666,34752.666666666664
CUST-00125,76.62,Healthy,0.0,0.2777777777777778,20,6,227.79666666666665,45559.333333333336
CUST-00204,76.58,Healthy,0.0,0.2424242424242424,20,15,43.23,21615.0
CUST-00769,76.56,Healthy,0.004,0.0,19,11,296.0318181818181,108544.99999999996
CUST-00325,76.55,Healthy,0.0,0.1481481481481481,66,14,200.44285714285712,93540.0
CUST-00166,76.54,Healthy,0.0,-0.2222222222222222,18,14,361.795,168837.6666666667
CUST-00554,76.52,Healthy,0.008,0.2051282051282051,1,14,70.70642857142857,32996.333333333336
CUST-00283,76.48,Healthy,0.008,0.1666666666666666,13,13,136.03076923076924,58946.66666666667
CUST-00110,76.47,Healthy,0.0,-0.1428571428571428,-2,14,275.0678571428572,128365.00000000004
CUST-00634,76.46,Healthy,0.0,0.2,25,15,73.86533333333334,36932.66666666667
CUST-00364,76.46,Healthy,0.0,0.1666666666666666,26,13,142.68923076923076,61831.99999999999
CUST-00516,76.46,Healthy,0.004,0.1818181818181818,7,8,223.2425,59531.333333333336
CUST-00160,76.45,Healthy,0.004,0.25,59,4,354.0,47200.0
CUST-00377,76.41,Healthy,0.004,0.5,65,3,223.27666666666667,22327.666666666668
CUST-00041,76.4,Healthy,0.0,0.0,7,17,125.90470588235294,71346.0
CUST-00457,76.38,Healthy,0.0,0.0,38,16,197.716875,105449.0
CUST-00712,76.38,Healthy,0.0,0.2333333333333333,38,6,275.44,55088.0
CUST-00030,76.36,Healthy,0.0,0.2222222222222222,0,8,174.3225,46486.0
CUST-00757,76.28,Healthy,0.0,-0.1111111111111111,17,20,140.1015,93401.0
CUST-00162,76.26,Healthy,0.0,0.0714285714285714,3,10,226.752,75584.0
CUST-00267,76.25,Healthy,0.0,-0.3333333333333333,55,18,390.07444444444445,234044.6666666667
CUST-00087,76.25,Healthy,0.0,0.2121212121212121,5,15,24.39,12195.000000000002
CUST-00756,76.24,Healthy,0.004,0.1,3,16,77.533125,41351.0
CUST-00366,76.22,Healthy,0.0,-0.0555555555555555,-5,14,203.2057142857143,94829.33333333334
CUST-00122,76.2,Healthy,0.024,0.7333333333333334,175,5,229.932,38322.0
CUST-00772,76.19,Healthy,0.0,0.3333333333333333,80,15,64.79533333333333,32397.666666666668
CUST-00678,76.17,Healthy,0.004,0.4,77,8,182.845,48758.66666666667
CUST-00526,76.14,Healthy,0.0,0.1111111111111111,21,6,316.795,63359.0
CUST-00462,76.11,Healthy,0.0,0.0714285714285714,13,8,282.5125,75336.66666666667
CUST-00292,76.1,Healthy,0.004,0.4074074074074074,30,8,98.91875,26378.333333333336
CUST-00590,76.1,Healthy,0.004,0.2,70,7,320.6428571428572,74816.66666666669
CUST-00384,76.1,Healthy,0.0,0.2380952380952381,-1,11,82.65363636363637,30306.333333333336
CUST-00763,75.98,Healthy,0.0,0.074074074074074,39,8,317.1375,84570.0
CUST-00514,75.96,Healthy,0.004,0.0,3,17,107.19411764705882,60743.333333333336
CUST-00061,75.93,Healthy,0.0,0.25,22,13,59.150000000000006,25631.666666666668
CUST-00034,75.91,Healthy,0.0,-0.0238095238095238,31,12,273.24666666666667,109298.66666666669
CUST-00044,75.9,Healthy,0.0,0.1818181818181818,68,7,313.6328571428571,73181.0
CUST-00683,75.9,Healthy,0.004,0.4166666666666667,19,9,43.553333333333335,13066.000000000002
CUST-00660,75.89,Healthy,0.0,0.0833333333333333,1,12,154.35583333333332,61742.333333333336
CUST-00207,75.89,Healthy,0.0,0.5,8,6,32.95,6590.000000000001
CUST-00192,75.87,Healthy,0.004,0.0277777777777777,39,12,257.6308333333333,103052.33333333331
CUST-00513,75.86,Healthy,0.0,0.0,27,13,226.0892307692308,97972.0
CUST-00741,75.85,Healthy,0.004,0.2380952380952381,51,9,208.82222222222225,62646.66666666668
CUST-00029,75.78,Healthy,0.0,0.037037037037037,73,9,364.78333333333336,109435.0
CUST-00230,75.78,Healthy,0.0,0.1333333333333333,34,6,307.555,61511.0
CUST-00500,75.71,Healthy,0.0,0.0,11,19,56.5978947368421,35845.33333333333
CUST-00075,75.7,Healthy,0.048,0.1212121212121212,26,6,382.1616666666667,76432.33333333334
CUST-00140,75.69,Healthy,0.0,0.0,-1,18,59.11277777777778,35467.666666666664
CUST-00705,75.68,Healthy,0.0,-0.2333333333333333,3,20,170.897,113931.33333333331
CUST-00010,75.67,Healthy,0.004,0.0,11,17,107.43823529411765,60881.66666666667
CUST-00468,75.66,Healthy,0.004,0.1282051282051282,79,13,225.6092307692308,97764.0
CUST-00541,75.65,Healthy,0.0,-0.25,-2,13,332.0938461538462,143907.33333333334
CUST-00351,75.64,Healthy,0.004,0.2777777777777778,50,4,286.5175,38202.333333333336
CUST-00072,75.6,Healthy,0.0,0.3333333333333333,-2,6,112.24333333333334,22448.666666666668
CUST-00483,75.57,Healthy,0.0,0.5,48,8,38.35125,10227.0
CUST-00104,75.56,Healthy,0.0,0.1111111111111111,0,8,212.02125,56539.00000000001
CUST-00622,75.53,Healthy,0.06,0.5476190476190477,108,11,137.84272727272727,50542.333333333336
CUST-00753,75.53,Healthy,0.016,0.1851851851851852,100,9,329.2188888888889,98765.66666666669
CUST-00375,75.5,Healthy,0.0,-0.1111111111111111,-1,19,100.09052631578948,63390.66666666667
CUST-00022,75.49,Healthy,0.004,0.3055555555555556,21,12,32.598333333333336,13039.333333333336
CUST-00508,75.48,Healthy,0.0,0.1111111111111111,86,12,256.2275,102491.0
CUST-00362,75.47,Healthy,0.004,0.1388888888888889,15,11,152.47454545454545,55907.333333333336
CUST-00784,75.47,Healthy,0.0,0.1111111111111111,14,16,47.698125,25439.0
CUST-00584,75.46,Healthy,0.012,0.4444444444444445,33,8,65.8325,17555.333333333332
CUST-00532,75.44,Healthy,0.0,0.2592592592592593,-4,8,104.48625,27863.0
CUST-00615,75.44,Healthy,0.0,-0.238095238095238,25,20,198.8465,132564.33333333334
CUST-00272,75.44,Healthy,0.0,-0.0277777777777777,60,18,165.385,99231.0
CUST-00679,75.35,Healthy,0.0,0.3333333333333333,63,5,229.418,38236.33333333334
CUST-00224,75.32,Healthy,0.0,-0.2380952380952381,19,12,367.1358333333333,146854.33333333334
CUST-00449,75.28,Healthy,0.0,0.0,15,16,113.174375,60359.66666666666
CUST-00556,75.28,Healthy,0.0,0.2,3,3,261.55333333333334,26155.333333333336
CUST-00548,75.28,Healthy,0.044,0.6666666666666666,169,3,303.8666666666667,30386.666666666668
CUST-00372,75.25,Healthy,0.0,-0.5,13,20,340.8835,227255.6666666667
CUST-00771,75.22,Healthy,0.0,0.1282051282051282,39,11,180.6490909090909,66238.0
CUST-00627,75.22,Healthy,0.0,0.0,0,17,63.53705882352942,36004.333333333336
CUST-00435,75.19,Healthy,0.012,0.1538461538461538,103,8,355.7225,94859.33333333334
CUST-00281,75.18,Healthy,0.0,0.4,19,6,85.04333333333334,17008.666666666668
CUST-00759,75.17,Healthy,0.004,0.1111111111111111,3,10,161.155,53718.333333333336
CUST-00583,75.15,Healthy,0.0,0.1212121212121212,4,15,34.092,17046.0
CUST-00682,75.15,Healthy,0.004,0.1904761904761905,15,11,105.52545454545454,38692.66666666666
CUST-00410,75.13,Healthy,0.0,0.5714285714285714,78,3,135.81666666666666,13581.666666666666
CUST-00739,75.08,Healthy,0.0,0.3541666666666667,51,9,93.58777777777776,28076.33333333333
CUST-00274,75.05,Healthy,0.004,-0.0666666666666666,3,19,65.33578947368422,41379.333333333336
CUST-00489,75.04,Healthy,0.0,0.5,13,4,50.1425,6685.666666666667
CUST-00359,74.96,Healthy,0.0,-0.1428571428571428,37,19,158.78052631578947,100561.0
CUST-00033,74.91,Healthy,0.004,-0.2333333333333333,23,20,176.848,117898.66666666669
CUST-00155,74.9,Healthy,0.004,-0.0555555555555555,24,19,85.6978947368421,54275.333333333336
CUST-00170,74.89,Healthy,0.004,-0.1515151515151515,70,16,290.23062500000003,154789.6666666667
CUST-00196,74.85,Healthy,0.004,0.0303030303030303,64,13,229.74615384615385,99556.66666666669
CUST-00724,74.83,Healthy,0.0,0.1111111111111111,83,13,200.5115384615385,86888.33333333336
CUST-00495,74.79,Healthy,0.0,0.1428571428571428,26,4,291.61249999999995,38881.66666666666
CUST-00663,74.74,Healthy,0.004,-0.1333333333333333,-3,18,108.24888888888889,64949.333333333336
CUST-00348,74.74,Healthy,0.0,0.0666666666666666,54,13,178.51615384615386,77357.0
CUST-00344,74.72,Healthy,0.0,0.1388888888888889,14,10,134.697,44899.0
CUST-00336,74.66,Healthy,0.0,0.2051282051282051,28,11,88.99818181818182,32632.666666666668
CUST-00007,74.62,Healthy,0.0,-0.2777777777777777,23,19,208.84473684210525,132268.33333333334
CUST-00388,74.61,Healthy,0.004,-0.2727272727272727,-4,19,168.32736842105265,106607.33333333334
CUST-00714,74.59,Healthy,0.0,0.0,2,12,154.0,61600.0
CUST-00323,74.53,Healthy,0.0,-0.037037037037037,-3,14,121.51642857142858,56707.66666666667
CUST-00552,74.53,Healthy,0.0,0.0,7,16,67.739375,36127.66666666666
CUST-00657,74.53,Healthy,0.0,0.0,82,13,257.8092307692308,111717.33333333336
CUST-00413,74.52,Healthy,0.0,0.3333333333333333,91,8,170.48375,45462.33333333333
CUST-00146,74.5,Healthy,0.0,0.1111111111111111,3,7,193.8114285714286,45222.66666666667
CUST-00608,74.43,Healthy,0.004,0.0,10,16,75.311875,40166.333333333336
CUST-00249,74.41,Healthy,0.004,0.0909090909090909,-2,11,110.23,40417.66666666666
CUST-00572,74.35,Healthy,0.0,0.125,55,11,170.97,62689.00000000001
CUST-00638,74.33,Healthy,0.064,0.1388888888888889,122,14,311.6985714285714,145459.33333333334
CUST-00314,74.3,Healthy,0.0,0.3333333333333333,26,6,101.21999999999998,20244.0
CUST-00470,74.3,Healthy,0.0,-0.0555555555555555,92,12,322.89000000000004,129156.0
CUST-00378,74.28,Healthy,0.016,0.2051282051282051,0,4,214.8575,28647.666666666664
CUST-00719,74.28,Healthy,0.052,0.5,156,5,315.644,52607.333333333336
CUST-00484,74.26,Healthy,0.0,0.0555555555555555,-3,7,209.56,48897.333333333336
CUST-00649,74.26,Healthy,0.0,0.1666666666666666,2,11,54.540909090909096,19998.333333333336
CUST-00037,74.26,Healthy,0.0,0.2962962962962963,17,9,40.63333333333333,12190.0
CUST-00011,74.25,Healthy,0.0,0.25,46,8,140.0025,37334.0
CUST-00271,74.19,Healthy,0.0,-0.2666666666666666,40,20,188.027,125351.33333333334
CUST-00504,74.19,Healthy,0.004,0.0208333333333333,8,10,185.426,61808.66666666666
CUST-00529,74.18,Healthy,0.016,0.0476190476190476,19,13,137.4446153846154,59559.333333333336
CUST-00702,74.18,Healthy,0.0,0.125,33,13,82.64076923076922,35811.0
CUST-00254,74.13,Healthy,0.028,0.4285714285714285,3,3,112.18333333333334,11218.333333333334
CUST-00387,74.13,Healthy,0.0,0.0,47,14,160.87000000000003,75072.66666666669
CUST-00199,74.12,Healthy,0.004,0.0,0,17,23.10411764705882,13092.333333333334
CUST-00522,74.06,Healthy,0.0,0.0909090909090909,15,13,70.16153846153847,30403.33333333334
CUST-00296,74.01,Healthy,0.004,0.2708333333333333,49,6,173.4433333333333,34688.666666666664
CUST-00059,74.0,Healthy,0.0,-0.0476190476190476,25,7,310.74142857142857,72506.33333333334
CUST-00214,73.98,Healthy,0.004,0.1515151515151515,22,12,68.59083333333332,27436.33333333333
CUST-00746,73.97,Healthy,0.0,-0.0333333333333333,72,13,238.87769230769229,103513.66666666669
CUST-00393,73.96,Healthy,0.004,0.0,-2,9,195.62888888888887,58688.66666666666
CUST-00141,73.9,Healthy,0.0,-0.0333333333333333,3,9,215.7733333333333,64731.99999999999
CUST-00680,73.87,Healthy,0.0,0.3703703703703704,88,7,136.24571428571429,31790.666666666668
CUST-00369,73.87,Healthy,0.036,0.2777777777777778,137,6,360.57166666666666,72114.33333333333
CUST-00236,73.86,Healthy,0.004,0.0256410256410256,43,17,64.8935294117647,36773.0
CUST-00212,73.81,Healthy,0.04,0.3333333333333333,114,11,177.70454545454547,65158.33333333334
CUST-00620,73.78,Healthy,0.0,0.0,-3,5,270.526,45087.66666666667
CUST-00360,73.76,Healthy,0.004,-0.0606060606060605,2,13,141.47076923076924,61304.00000000001
CUST-00600,73.74,Healthy,0.0,-0.25,23,11,335.7036363636364,123091.33333333336
CUST-00672,73.73,Healthy,0.0,0.0833333333333333,30,14,62.49428571428571,29164.0
CUST-00322,73.67,Healthy,0.052,0.8571428571428571,144,4,61.705,8227.333333333334
CUST-00698,73.59,Healthy,0.0,-0.2777777777777777,42,16,263.6775,140628.0
CUST-00555,73.52,Healthy,0.016,0.3846153846153846,2,4,69.1275,9217.0
CUST-00114,73.52,Healthy,0.0,-0.1333333333333333,-2,18,50.44111111111111,30264.666666666668
CUST-00176,73.5,Healthy,0.0,0.3636363636363636,45,5,100.734,16789.0
CUST-00262,73.4,Healthy,0.0,0.1904761904761905,21,11,32.85818181818182,12048.0
CUST-00232,73.38,Healthy,0.0,-0.0476190476190476,-3,16,32.87375,17532.666666666668
CUST-00723,73.35,Healthy,0.008,-0.1904761904761904,50,19,155.34315789473683,98384.0
CUST-00299,73.34,Healthy,0.0,0.2962962962962963,-2,5,61.482000000000006,10247.000000000002
CUST-00178,73.33,Healthy,0.0,-0.25,8,9,339.31444444444446,101794.33333333331
CUST-00018,73.31,Healthy,0.0,-0.1666666666666666,10,10,265.016,88338.66666666669
CUST-00223,73.28,Healthy,0.0,-0.0333333333333333,7,16,35.358125,18857.666666666668
CUST-00538,73.27,Healthy,0.004,0.3333333333333333,1,6,23.51333333333333,4702.666666666666
CUST-00379,73.24,Healthy,0.0,0.0,-2,11,111.77,40982.333333333336
CUST-00261,73.18,Healthy,0.0,0.25,36,6,123.34666666666668,24669.333333333336
CUST-00276,73.18,Healthy,0.0,0.3333333333333333,63,3,181.51,18151.0
CUST-00782,73.17,Healthy,0.036,-0.0666666666666666,-3,5,349.656,58276.0
CUST-00153,73.14,Healthy,0.0,0.1904761904761905,53,8,142.02,37872.00000000001
CUST-00567,73.13,Healthy,0.004,-0.1111111111111111,81,13,274.72153846153844,119046.0
CUST-00067,73.12,Healthy,0.004,0.0,-1,8,183.925,49046.66666666667
CUST-00112,73.11,Healthy,0.0,0.1666666666666666,67,7,201.61,47042.333333333336
CUST-00288,73.09,Healthy,0.004,0.0,51,6,312.3883333333333,62477.66666666666
CUST-00409,73.02,Healthy,0.0,-0.0952380952380952,19,12,175.2825,70113.0
CUST-00466,72.99,Healthy,0.0,-0.2857142857142857,16,19,132.55684210526314,83952.66666666667
CUST-00761,72.98,Healthy,0.0,-0.074074074074074,13,6,287.22666666666663,57445.33333333332
CUST-00461,72.95,Healthy,0.0,1.5139404881252134e-17,46,16,62.82875,33508.666666666664
CUST-00042,72.87,Healthy,0.036,0.4242424242424242,77,4,171.44,22858.666666666668
CUST-00585,72.86,Healthy,0.012,0.3777777777777778,45,6,61.82666666666666,12365.333333333334
CUST-00257,72.82,Healthy,0.0,0.0,-2,5,230.7,38450.0
CUST-00605,72.75,Healthy,0.0,-0.1,51,18,81.5,48900.0
CUST-00040,72.75,Healthy,0.0,0.0,-2,12,68.05833333333334,27223.333333333336
CUST-00245,72.71,Healthy,0.008,0.3809523809523809,84,4,155.4925,20732.333333333336
CUST-00266,72.67,Healthy,0.0,-0.3333333333333333,4,19,129.95368421052632,82304.0
CUST-00100,72.66,Healthy,0.016,0.1428571428571428,97,13,136.52923076923076,59162.66666666666
CUST-00768,72.62,Healthy,0.0,0.0,13,7,200.67,46822.99999999999
CUST-00346,72.55,Healthy,0.016,0.5,39,3,35.4,3539.9999999999995
CUST-00287,72.48,Healthy,0.0,0.0,2,13,39.74307692307692,17222.0
CUST-00547,72.47,Healthy,0.0,0.0,72,11,198.4290909090909,72757.33333333333
CUST-00748,72.46,Healthy,0.004,0.0,92,13,191.3684615384616,82926.33333333336
CUST-00381,72.34,Healthy,0.0,0.0,14,12,75.94416666666667,30377.66666666667
CUST-00367,72.29,Healthy,0.028,0.1,-2,4,214.31,28574.666666666668
CUST-00479,72.28,Healthy,0.036,0.1666666666666666,12,6,161.41166666666666,32282.333333333336
CUST-00158,72.27,Healthy,0.0,-0.3333333333333333,31,17,202.2376470588236,114601.33333333336
CUST-00505,72.23,Healthy,0.0,-0.2666666666666666,83,13,332.89384615384614,144254.0
CUST-00587,72.21,Healthy,0.012,0.3333333333333333,89,3,202.3733333333333,20237.33333333333
CUST-00120,72.19,Healthy,0.012,-0.1944444444444444,-1,11,214.6027272727273,78687.66666666667
CUST-00736,72.18,Healthy,0.0,0.4166666666666667,88,3,124.69666666666669,12469.666666666668
CUST-00013,72.17,Healthy,0.008,0.0303030303030303,3,11,68.12818181818182,24980.33333333333
CUST-00475,72.17,Healthy,0.0,-0.0952380952380952,7,13,96.26538461538462,41715.0
CUST-00664,72.16,Healthy,0.0,0.3333333333333333,50,6,47.84166666666667,9568.333333333334
CUST-00047,72.16,Healthy,0.0,-0.3888888888888889,65,16,311.0925,165916.0
CUST-00549,72.1,Healthy,0.0,-0.0666666666666666,74,18,69.09333333333333,41456.00000000001
CUST-00659,72.05,Healthy,0.0,-0.111111111111111,-1,14,65.33071428571428,30487.666666666664
CUST-00618,72.05,Healthy,0.0,-0.1666666666666666,22,17,70.31882352941177,39847.333333333336
CUST-00575,72.01,Healthy,0.0,-0.0952380952380952,24,8,231.20875,61655.66666666667
CUST-00690,71.96,Healthy,0.004,-0.125,45,12,197.7958333333333,79118.33333333333
CUST-00511,71.89,Healthy,0.004,-0.0769230769230769,62,9,259.5055555555556,77851.66666666667
CUST-00443,71.88,Healthy,0.0,0.1333333333333333,5,5,115.316,19219.333333333336
CUST-00069,71.81,Healthy,0.0,0.0833333333333333,68,4,269.3475,35913.00000000001
CUST-00497,71.78,Healthy,0.024,0.0606060606060606,-2,4,210.84,28112.0
CUST-00077,71.76,Healthy,0.004,-0.0416666666666666,48,7,254.1185714285714,59294.333333333336
CUST-00154,71.75,Healthy,0.004,-0.0909090909090909,48,14,125.82,58716.0
CUST-00085,71.74,Healthy,0.012,0.0,24,7,201.26142857142847,46960.99999999999
CUST-00226,71.71,Healthy,0.004,0.25,75,9,61.12555555555556,18337.666666666668
CUST-00157,71.65,Healthy,0.0,0.5,106,3,77.38,7738.0
CUST-00295,71.63,Healthy,0.024,0.2424242424242424,94,5,219.396,36566.0
CUST-00616,71.62,Healthy,0.028,-0.1555555555555555,62,6,408.95,81790.0
CUST-00191,71.59,Healthy,0.0,-0.4444444444444444,3,18,176.46555555555557,105879.33333333334
CUST-00503,71.56,Healthy,0.0,-0.1666666666666666,-1,12,126.0525,50421.0
CUST-00213,71.55,Healthy,0.0,0.0,93,8,261.2175,69658.0
CUST-00315,71.54,Healthy,0.0,0.5,108,5,29.868,4978.0
CUST-00637,71.49,Healthy,0.0,-0.1666666666666666,30,18,36.10722222222222,21664.33333333333
CUST-00289,71.39,Healthy,0.016,-0.037037037037037,42,10,177.866,59288.66666666667
CUST-00689,71.34,Healthy,0.0,-0.1111111111111111,32,8,225.25375,60067.66666666667
CUST-00568,71.34,Healthy,0.032,0.5,134,3,164.25,16425.0
CUST-00755,71.32,Healthy,0.004,0.0303030303030303,25,8,128.39249999999998,34238.0
CUST-00291,71.32,Healthy,0.004,0.0222222222222222,37,13,39.074615384615385,16932.333333333336
CUST-00211,71.17,Healthy,0.0,-0.0208333333333333,15,9,109.15666666666668,32747.000000000004
CUST-00515,71.16,Healthy,0.0,-0.0476190476190476,21,8,158.86124999999998,42363.0
CUST-00399,71.15,Healthy,0.004,-0.3333333333333333,30,10,318.998,106332.66666666669
CUST-00357,71.1,Healthy,0.004,-0.1904761904761904,33,18,46.66944444444445,28001.666666666675
CUST-00182,71.01,Healthy,0.0,-0.0256410256410256,47,11,111.56727272727272,40908.0
CUST-00527,71.01,Healthy,0.012,-0.0476190476190476,19,7,192.7242857142857,44969.0
CUST-00793,70.98,Healthy,0.016,0.4,152,3,215.01,21501.0
CUST-00703,70.97,Healthy,0.0,-0.303030303030303,18,10,265.124,88374.66666666667
CUST-00553,70.89,Healthy,0.0,-0.3333333333333333,4,16,121.655,64882.66666666667
CUST-00198,70.88,Healthy,0.0,0.1515151515151515,-4,3,91.33333333333331,9133.333333333332
CUST-00263,70.86,Healthy,0.012,0.0555555555555555,2,10,23.215,7738.333333333334
CUST-00716,70.76,Healthy,0.004,0.0,41,9,126.86111111111111,38058.333333333336
CUST-00799,70.74,Healthy,0.004,0.0,20,10,69.385,23128.333333333336
CUST-00773,70.72,Healthy,0.004,-0.2222222222222222,73,10,297.975,99325.0
CUST-00414,70.69,Healthy,0.008,0.25,54,6,58.57666666666666,11715.333333333334
CUST-00415,70.66,Healthy,0.028,0.2307692307692307,47,4,138.76,18501.33333333333
CUST-00668,70.63,Healthy,0.0,-0.1515151515151515,35,7,248.70428571428573,58031.00000000001
CUST-00731,70.61,Healthy,0.0,-0.2916666666666667,66,18,137.36166666666668,82417.00000000001
CUST-00722,70.58,Healthy,0.0,0.1481481481481481,62,9,50.36333333333333,15109.0
CUST-00027,70.56,Healthy,0.04,0.7142857142857143,211,4,107.695,14359.333333333332
CUST-00407,70.51,Healthy,0.072,0.3333333333333333,104,3,257.0733333333333,25707.333333333336
CUST-00284,70.47,Healthy,0.008,0.1458333333333333,93,9,111.21333333333332,33364.0
CUST-00003,70.44,Healthy,0.0,0.0,58,12,65.17333333333333,26069.33333333333
CUST-00008,70.43,Healthy,0.016,0.3111111111111111,42,5,25.126,4187.666666666667
CUST-00581,70.37,Healthy,0.0,-0.4166666666666666,40,13,280.15384615384613,121400.0
CUST-00275,70.26,Healthy,0.004,0.0,44,6,178.92499999999998,35785.0
CUST-00190,70.24,Healthy,0.016,-0.0476190476190476,79,5,308.88800000000003,51481.333333333336
CUST-00647,70.23,Healthy,0.008,-0.1,2,7,158.35857142857142,36950.333333333336
CUST-00697,70.23,Healthy,0.0,0.0,21,8,87.70125,23387.0
CUST-00738,70.18,Healthy,0.0,-0.037037037037037,56,14,29.142857142857142,13600.0
CUST-00001,70.16,Healthy,0.0,0.1428571428571428,92,4,198.7175,26495.666666666668
CUST-00621,70.1,Healthy,0.0,0.1666666666666666,52,3,138.81666666666666,13881.666666666666
CUST-00428,70.08,Healthy,0.004,-0.1481481481481481,0,7,173.1257142857143,40396.00000000001
CUST-00220,70.0,Healthy,0.044,0.6,133,3,60.95666666666667,6095.666666666667
CUST-00419,69.99,At Risk,0.004,-0.2962962962962963,68,9,329.53444444444443,98860.33333333331
CUST-00436,69.99,At Risk,0.0,0.0,35,4,191.295,25506.0
CUST-00256,69.97,At Risk,0.02,0.0888888888888888,74,3,253.3933333333333,25339.33333333333
CUST-00786,69.93,At Risk,0.0,-0.3333333333333333,40,11,252.7590909090909,92678.33333333331
CUST-00221,69.91,At Risk,0.0,-0.1428571428571428,9,10,101.142,33714.0
CUST-00709,69.85,At Risk,0.008,-0.037037037037037,8,6,133.725,26745.0
CUST-00491,69.82,At Risk,0.032,0.3333333333333333,80,4,96.2225,12829.666666666666
CUST-00132,69.8,At Risk,0.004,-0.0303030303030302,2,7,87.71714285714286,20467.33333333333
CUST-00143,69.74,At Risk,0.0,0.1111111111111111,33,4,105.4575,14061.0
CUST-00661,69.73,At Risk,0.012,-0.1851851851851851,23,7,233.06714285714287,54382.333333333336
CUST-00630,69.72,At Risk,0.0,-0.2592592592592592,9,8,214.26875,57138.333333333336
CUST-00124,69.52,At Risk,0.004,0.0,-4,8,23.65,6306.666666666667
CUST-00152,69.5,At Risk,0.0,-0.0952380952380952,-1,9,59.60444444444445,17881.333333333336
CUST-00779,69.46,At Risk,0.06,0.2121212121212121,117,11,107.46363636363635,39403.33333333333
CUST-00174,69.46,At Risk,0.0,0.1212121212121212,19,5,41.202,6867.0
CUST-00142,69.34,At Risk,0.016,-0.0555555555555555,29,3,240.3,24030.000000000004
CUST-00123,69.33,At Risk,0.02,-0.125,78,3,370.7133333333333,37071.33333333333
CUST-00330,69.32,At Risk,0.012,0.0444444444444444,56,8,97.23875,25930.33333333333
CUST-00586,69.31,At Risk,0.0,-0.25,20,8,208.34625,55559.0
CUST-00440,69.22,At Risk,0.0,-0.3333333333333333,30,12,183.22166666666664,73288.66666666667
CUST-00005,69.21,At Risk,0.008,-0.1282051282051282,69,16,35.590625,18981.666666666668
CUST-00563,69.17,At Risk,0.076,0.2857142857142857,99,3,228.72,22872.0
CUST-00765,69.15,At Risk,0.024,0.4166666666666667,164,4,135.8125,18108.333333333336
CUST-00096,69.14,At Risk,0.044,0.2424242424242424,6,4,26.735,3564.6666666666665
CUST-00536,69.06,At Risk,0.004,0.25,107,3,135.92,13592.0
CUST-00218,68.99,At Risk,0.0,-0.5,16,10,303.935,101311.66666666669
CUST-00665,68.84,At Risk,0.008,-0.2857142857142857,24,13,117.01076923076924,50704.66666666667
CUST-00043,68.8,At Risk,0.0,-0.3333333333333333,22,15,83.51333333333334,41756.66666666667
CUST-00537,68.73,At Risk,0.0,-0.4583333333333333,-4,16,96.36625,51395.33333333333
CUST-00612,68.69,At Risk,0.0,0.0769230769230769,49,6,62.626666666666665,12525.333333333334
CUST-00318,68.68,At Risk,0.0,0.0952380952380952,24,4,55.587500000000006,7411.666666666668
CUST-00045,68.65,At Risk,0.064,0.3333333333333333,232,6,301.595,60319.00000000001
CUST-00090,68.52,At Risk,0.0,-0.0416666666666666,84,11,74.44181818181818,27295.33333333333
CUST-00320,68.43,At Risk,0.0,-0.5333333333333333,-4,16,132.080625,70443.0
CUST-00732,68.29,At Risk,0.004,0.2142857142857142,101,7,24.40714285714285,5694.999999999999
CUST-00251,68.25,At Risk,0.0,0.1333333333333333,48,5,28.174,4695.666666666667
CUST-00168,68.22,At Risk,0.02,-0.0833333333333333,21,4,180.695,24092.666666666668
CUST-00472,68.17,At Risk,0.0,-0.5,61,10,341.684,113894.66666666669
CUST-00460,68.09,At Risk,0.0,0.0,51,8,44.065,11750.666666666666
CUST-00145,68.04,At Risk,0.044,0.0512820512820512,3,5,75.31,12551.666666666668
CUST-00107,67.66,At Risk,0.0,0.0,58,8,36.8775,9834.0
CUST-00711,67.59,At Risk,0.02,-0.0555555555555555,107,4,274.9425,36659.0
CUST-00710,67.58,At Risk,0.136,0.0,143,10,359.946,119982.0
CUST-00239,67.48,At Risk,0.0,-0.5,43,9,305.5155555555556,91654.66666666669
CUST-00546,67.46,At Risk,0.016,0.0,123,7,183.8428571428572,42896.666666666686
CUST-00636,67.38,At Risk,0.0,-0.5,13,17,69.89294117647059,39606.0
CUST-00159,67.37,At Risk,0.008,-0.2962962962962963,76,14,121.99714285714286,56932.0
CUST-00258,67.36,At Risk,0.032,0.0,120,9,156.41333333333333,46924.0
CUST-00485,67.27,At Risk,0.008,-0.3939393939393939,28,9,217.37,65211.0
CUST-00591,67.18,At Risk,0.0,0.1515151515151515,98,6,28.506666666666664,5701.333333333333
CUST-00093,67.14,At Risk,0.016,0.0606060606060606,77,7,56.470000000000006,13176.333333333334
CUST-00374,67.13,At Risk,0.0,-0.6666666666666666,-4,12,253.89916666666667,101559.66666666669
CUST-00105,67.12,At Risk,0.0,-0.2,71,6,209.50666666666663,41901.33333333333
CUST-00177,67.06,At Risk,0.0,-0.7777777777777778,24,15,299.5693333333333,149784.66666666666
CUST-00744,67.05,At Risk,0.0,-0.1428571428571428,82,6,187.60666666666663,37521.33333333333
CUST-00601,67.04,At Risk,0.0,-0.3333333333333333,11,11,81.15363636363637,29756.333333333336
CUST-00150,66.99,At Risk,0.0,-0.4761904761904761,51,12,213.19916666666663,85279.66666666666
CUST-00117,66.96,At Risk,0.024,-0.0238095238095238,65,6,120.285,24057.000000000004
CUST-00507,66.92,At Risk,0.032,-0.3333333333333333,4,4,279.85,37313.333333333336
CUST-00677,66.85,At Risk,0.0,-0.3333333333333333,-4,9,94.39222222222222,28317.666666666668
CUST-00021,66.78,At Risk,0.0,-0.4444444444444444,86,6,377.29,75458.00000000001
CUST-00685,66.39,At Risk,0.0,-0.5,-2,11,139.7509090909091,51242.0
CUST-00478,66.25,At Risk,0.064,0.074074074074074,14,3,81.45,8145.000000000001
CUST-00488,66.2,At Risk,0.08,0.2222222222222222,209,4,303.9225,40523.0
CUST-00208,66.07,At Risk,0.076,0.0666666666666666,108,5,205.578,34263.00000000001
CUST-00611,66.07,At Risk,0.0,-0.5,69,13,195.40384615384616,84675.0
CUST-00625,65.97,At Risk,0.0,-0.3809523809523809,55,12,114.19166666666666,45676.66666666666
CUST-00454,65.93,At Risk,0.0,-0.5,17,7,242.39,56557.66666666667
CUST-00545,65.89,At Risk,0.056,0.3333333333333333,250,4,243.445,32459.33333333333
CUST-00597,65.85,At Risk,0.312,0.2666666666666667,115,11,348.39363636363635,127744.33333333331
CUST-00195,65.8,At Risk,0.0,-1.0,13,16,348.091875,185649.00000000003
CUST-00735,65.76,At Risk,0.004,-0.1428571428571428,45,6,78.89333333333333,15778.666666666668
CUST-00252,65.74,At Risk,0.06,0.0,122,3,275.1933333333333,27519.33333333333
CUST-00171,65.65,At Risk,0.084,0.0833333333333333,137,6,214.55,42910.00000000001
CUST-00758,65.58,At Risk,0.02,0.1666666666666666,173,3,174.15666666666667,17415.666666666668
CUST-00024,65.56,At Risk,0.0,-0.1,69,8,28.59,7624.0
CUST-00626,65.48,At Risk,0.012,-0.1666666666666666,72,4,185.325,24710.0
CUST-00116,65.39,At Risk,0.044,0.0833333333333333,73,5,53.412,8902.0
CUST-00544,65.35,At Risk,0.028,0.0833333333333333,58,4,22.81,3041.333333333333
CUST-00371,65.28,At Risk,0.02,-0.3333333333333333,6,3,214.36666666666665,21436.666666666664
CUST-00225,65.27,At Risk,0.04,0.1666666666666666,143,3,146.36333333333334,14636.333333333336
CUST-00082,65.07,At Risk,0.012,-0.5757575757575757,51,5,375.592,62598.66666666667
CUST-00749,65.07,At Risk,0.004,-0.1666666666666666,75,7,90.17285714285715,21040.333333333336
CUST-00347,65.05,At Risk,0.012,0.2,148,4,52.2575,6967.666666666667
CUST-00789,65.01,At Risk,0.06,0.074074074074074,97,7,63.78714285714285,14883.666666666664
CUST-00798,64.9,At Risk,0.048,0.0,35,3,77.31333333333333,7731.333333333334
CUST-00353,64.88,At Risk,0.056,-0.1666666666666666,40,3,206.49666666666667,20649.666666666668
CUST-00432,64.88,At Risk,0.004,0.0,78,4,47.2875,6305.0
CUST-00217,64.85,At Risk,0.048,0.1666666666666666,173,10,30.69,10230.000000000002
CUST-00335,64.83,At Risk,0.008,-0.0416666666666666,44,3,47.16,4716.0
CUST-00754,64.77,At Risk,0.0,0.0416666666666666,103,3,72.14,7214.000000000001
CUST-00405,64.73,At Risk,0.0,-0.2222222222222222,69,7,94.62,22078.000000000004
CUST-00025,64.55,At Risk,0.0,-0.1666666666666666,49,6,41.53833333333333,8307.666666666666
CUST-00574,64.44,At Risk,0.04,-0.25,82,4,259.03000000000003,34537.333333333336
CUST-00340,63.35,At Risk,0.0,-1.0,25,20,170.4315,113621.0
CUST-00137,63.32,At Risk,0.148,0.3333333333333333,148,5,103.466,17244.333333333332
CUST-00699,62.86,At Risk,0.0,-1.0,6,17,187.00882352941176,105971.66666666666
CUST-00794,62.78,At Risk,0.02,-0.5,15,6,160.51666666666668,32103.33333333334
CUST-00345,62.5,At Risk,0.14,-0.0555555555555555,154,3,361.4766666666666,36147.66666666666
CUST-00097,62.5,At Risk,0.008,0.0,199,4,147.2775,19637.0
CUST-00014,62.46,At Risk,0.04,-0.3888888888888888,17,5,135.502,22583.666666666668
CUST-00790,61.85,At Risk,0.012,-0.5555555555555555,90,11,149.52,54824.0
CUST-00559,61.72,At Risk,0.044,-0.1666666666666666,46,3,58.98,5898.0
CUST-00684,61.59,At Risk,0.0,-0.6666666666666666,36,9,147.8322222222222,44349.66666666667
CUST-00321,61.44,At Risk,0.08,0.2,166,4,43.205,5760.666666666667
CUST-00446,60.7,At Risk,0.004,-0.5,36,8,31.48125,8395.0
CUST-00009,60.43,At Risk,0.0,-1.0,22,20,39.7695,26513.0
CUST-00148,60.19,At Risk,0.052,0.0,183,3,120.78666666666668,12078.666666666668
CUST-00518,58.5,At Risk,0.0,-1.0,39,8,257.9375,68783.33333333334
CUST-00512,58.09,At Risk,0.304,0.1515151515151515,177,12,151.58333333333334,60633.333333333336
CUST-00459,56.43,At Risk,0.004,-0.7142857142857143,62,7,50.85,11865.0
CUST-00383,56.12,At Risk,0.052,-0.0476190476190476,282,5,90.352,15058.666666666666
CUST-00201,53.21,At Risk,0.164,0.1,311,3,155.24666666666667,15524.666666666668
CUST-00561,52.62,At Risk,0.084,0.0,300,3,38.553333333333335,3855.3333333333335
CUST-00222,49.6,At Risk,0.736,0.3611111111111111,117,15,229.5366666666667,114768.33333333334
CUST-00576,45.14,At Risk,0.788,0.3939393939393939,116,14,126.89857142857144,59219.33333333334
CUST-00068,42.3,At Risk,0.864,0.5151515151515151,161,15,107.052,53526.00000000001
CUST-00048,42.23,At Risk,0.86,0.875,151,4,99.385,13251.333333333334
CUST-00327,38.63,Critical,0.82,0.125,144,6,303.49333333333334,60698.66666666667
CUST-00240,35.79,Critical,0.908,0.3333333333333333,178,5,275.594,45932.333333333336
CUST-00248,35.54,Critical,0.78,-0.1333333333333333,185,4,380.145,50686.0
CUST-00246,35.42,Critical,0.508,-0.5128205128205128,126,5,32.828,5471.333333333334
CUST-00614,35.27,Critical,0.756,-0.1904761904761904,156,11,157.32454545454544,57685.66666666666
CUST-00076,35.18,Critical,0.744,0.0833333333333333,210,4,202.655,27020.666666666668
CUST-00354,34.44,Critical,0.864,0.3333333333333333,145,6,65.355,13071.0
CUST-00482,33.37,Critical,0.384,-1.0,139,3,112.41666666666669,11241.66666666667
CUST-00675,33.16,Critical,0.948,0.1555555555555555,161,3,364.3666666666666,36436.66666666666
CUST-00418,33.07,Critical,0.896,0.5454545454545454,312,4,239.925,31990.000000000004
CUST-00740,33.03,Critical,0.832,-0.0555555555555555,122,6,163.855,32771.0
CUST-00599,32.24,Critical,0.656,-0.3333333333333333,109,4,30.075,4010.0
CUST-00442,32.08,Critical,0.724,-0.2857142857142857,215,5,258.658,43109.66666666666
CUST-00264,31.99,Critical,0.904,0.0555555555555555,174,7,232.6542857142857,54286.0
CUST-00623,31.46,Critical,0.9,0.25,168,4,135.875,18116.666666666668
CUST-00175,30.06,Critical,0.916,0.1666666666666666,164,4,150.26999999999998,20036.0
CUST-00119,29.67,Critical,0.9,0.1333333333333333,236,4,243.96,32528.000000000004
CUST-00535,29.36,Critical,0.912,0.0333333333333333,219,3,311.3333333333333,31133.333333333336
CUST-00474,28.83,Critical,0.8,-0.3333333333333333,132,4,168.79250000000002,22505.66666666667
CUST-00520,28.56,Critical,0.936,0.2,227,3,223.43,22343.0
CUST-00126,27.49,Critical,0.948,-0.0555555555555555,133,4,188.44,25125.333333333336
CUST-00774,26.71,Critical,0.936,-0.0277777777777777,156,5,130.46800000000002,21744.66666666667
CUST-00521,24.35,Critical,0.948,-0.1025641025641025,131,3,102.69333333333331,10269.333333333332
CUST-00423,24.34,Critical,0.944,-0.1111111111111111,134,3,105.75333333333332,10575.333333333332
CUST-00054,23.97,Critical,0.9,0.0,315,6,166.47833333333332,33295.666666666664
CUST-00778,23.91,Critical,0.828,-0.2333333333333333,242,4,118.27,15769.333333333334
