customer_id,last_purchase,frequency,monetary_total,monetary_avg,recency_days,ticket_volume,resolution_time_avg,social_mentions_count
CUST-00001,2025-11-29,4,794.87,198.7175,92,4.0,52.792500000000004,3.0
CUST-00002,2026-02-01,14,2475.63,176.8307142857143,28,5.0,56.956,8.0
CUST-00003,2026-01-02,12,782.08,65.17333333333333,58,0.0,0.0,3.0
CUST-00004,2025-10-30,9,2324.01,258.22333333333336,122,1.0,28.67,3.0
CUST-00005,2025-12-22,16,569.45,35.590625,69,8.0,57.7175,5.0
CUST-00006,2026-02-21,12,4196.18,349.6816666666667,8,2.0,84.64,4.0
CUST-00007,2026-02-06,19,3968.0499999999997,208.84473684210525,23,2.0,57.485,4.0
CUST-00008,2026-01-18,5,125.63,25.125999999999998,42,8.0,53.03625,7.0
CUST-00009,2026-02-07,20,795.39,39.7695,22,2.0,50.865,1.0
CUST-00010,2026-02-18,17,1826.45,107.43823529411765,11,1.0,9.51,0.0
CUST-00011,2026-01-14,8,1120.02,140.0025,46,1.0,45.35,3.0
CUST-00012,2026-02-19,3,1118.23,372.74333333333334,10,5.0,70.268,1.0
CUST-00013,2026-02-26,11,749.41,68.12818181818182,3,7.0,53.21,4.0
CUST-00014,2026-02-12,5,677.51,135.502,17,0.0,0.0,6.0
CUST-00015,2026-01-17,11,1027.9,93.44545454545455,43,5.0,57.382000000000005,2.0
CUST-00016,2026-03-05,17,2529.55,148.79705882352943,-4,6.0,55.498333333333335,8.0
CUST-00017,2026-01-27,12,4302.6900000000005,358.55750000000006,33,7.0,35.529999999999994,6.0
CUST-00018,2026-02-19,10,2650.16,265.01599999999996,10,8.0,60.81625,2.0
CUST-00019,2026-01-21,9,901.81,100.2011111111111,39,0.0,0.0,3.0
CUST-00020,2026-02-28,10,2309.48,230.948,1,6.0,69.535,6.0
CUST-00021,2025-12-05,6,2263.74,377.28999999999996,86,3.0,50.10666666666666,0.0
CUST-00022,2026-02-08,12,391.18,32.598333333333336,21,5.0,44.908,7.0
CUST-00023,2025-12-16,11,2977.97,270.7245454545454,75,7.0,61.77571428571429,0.0
CUST-00024,2025-12-22,8,228.72,28.59,69,4.0,40.515,6.0
CUST-00025,2026-01-11,6,249.23000000000002,41.538333333333334,49,5.0,32.574,1.0
CUST-00026,2026-03-01,20,3989.84,199.49200000000002,0,4.0,71.95,7.0
CUST-00027,2025-08-02,4,430.78,107.695,211,1.0,11.92,6.0
CUST-00028,2026-02-17,19,6624.97,348.6826315789474,12,5.0,52.19,7.0
CUST-00029,2025-12-18,9,3283.05,364.78333333333336,73,1.0,17.82,8.0
CUST-00030,2026-03-01,8,1394.58,174.3225,0,3.0,69.06333333333333,6.0
CUST-00031,2026-02-12,9,1258.44,139.82666666666668,17,1.0,32.11,7.0
CUST-00032,2026-01-29,5,1287.68,257.536,31,7.0,50.22571428571428,4.0
CUST-00033,2026-02-06,20,3536.96,176.848,23,6.0,33.285000000000004,4.0
CUST-00034,2026-01-29,12,3278.96,273.24666666666667,31,8.0,50.082499999999996,6.0
CUST-00035,2026-01-11,10,2746.43,274.643,49,8.0,43.36125,8.0
CUST-00036,2026-02-05,13,4075.04,313.4646153846154,24,2.0,72.37,7.0
CUST-00037,2026-02-12,9,365.7,40.63333333333333,17,4.0,40.105000000000004,5.0
CUST-00038,2026-02-21,11,1613.3600000000001,146.66909090909093,8,2.0,46.59,4.0
CUST-00039,2026-02-27,20,4367.78,218.38899999999998,2,5.0,50.558,6.0
CUST-00040,2026-03-03,12,816.7,68.05833333333334,-2,8.0,62.10125,1.0
CUST-00041,2026-02-22,17,2140.38,125.90470588235294,7,0.0,0.0,0.0
CUST-00042,2025-12-14,4,685.76,171.44,77,6.0,27.393333333333334,5.0
CUST-00043,2026-02-07,15,1252.7,83.51333333333334,22,3.0,75.3,5.0
CUST-00044,2025-12-23,7,2195.43,313.6328571428571,68,5.0,63.586,6.0
CUST-00045,2025-07-12,6,1809.57,301.59499999999997,232,2.0,57.67,0.0
CUST-00046,2026-03-04,11,3648.83,331.71181818181816,-3,4.0,27.625,5.0
CUST-00047,2025-12-26,16,4977.48,311.0925,65,2.0,26.485,4.0
CUST-00048,2025-10-01,4,397.54,99.385,151,8.0,55.3375,0.0
CUST-00049,2026-02-28,19,6233.78,328.0936842105263,1,2.0,45.085,6.0
CUST-00050,2026-02-22,18,5060.64,281.1466666666667,7,2.0,55.455,7.0
CUST-00051,2026-01-27,16,4791.91,299.494375,33,3.0,32.00333333333334,3.0
CUST-00052,2026-03-06,11,3811.94,346.54,-5,6.0,57.13833333333333,5.0
CUST-00053,2026-02-28,11,4139.42,376.3109090909091,1,1.0,72.85,3.0
CUST-00054,2025-04-20,6,998.87,166.47833333333332,315,7.0,64.99285714285715,6.0
CUST-00055,2025-12-12,11,3494.85,317.71363636363634,79,0.0,0.0,4.0
CUST-00056,2026-02-22,11,871.49,79.22636363636364,7,7.0,49.78142857142857,8.0
CUST-00057,2026-02-10,13,3818.16,293.70461538461535,19,6.0,58.05166666666667,1.0
CUST-00058,2026-01-24,8,1998.94,249.8675,36,6.0,43.44833333333333,2.0
CUST-00059,2026-02-04,7,2175.19,310.74142857142857,25,0.0,0.0,7.0
CUST-00060,2026-03-01,10,1767.87,176.78699999999998,0,6.0,51.586666666666666,6.0
CUST-00061,2026-02-07,13,768.95,59.150000000000006,22,6.0,36.391666666666666,6.0
CUST-00062,2025-12-12,8,2325.27,290.65875,79,7.0,44.54142857142857,8.0
CUST-00063,2026-02-21,18,6036.74,335.3744444444444,8,3.0,62.300000000000004,6.0
CUST-00064,2026-02-08,19,2520.28,132.6463157894737,21,3.0,29.463333333333335,7.0
CUST-00065,2026-03-04,15,4557.2,303.81333333333333,-3,8.0,35.46875,7.0
CUST-00066,2026-03-02,10,1122.17,112.21700000000001,-1,8.0,55.035,2.0
CUST-00067,2026-03-02,8,1471.4,183.925,-1,1.0,61.16,4.0
CUST-00068,2025-09-21,15,1605.78,107.05199999999999,161,6.0,52.89666666666667,5.0
CUST-00069,2025-12-23,4,1077.3899999999999,269.34749999999997,68,3.0,57.03666666666667,5.0
CUST-00070,2026-02-28,16,1162.58,72.66125,1,6.0,44.535,1.0
CUST-00071,2026-02-17,19,3020.79,158.98894736842104,12,1.0,83.76,3.0
CUST-00072,2026-03-03,6,673.46,112.24333333333334,-2,0.0,0.0,3.0
CUST-00073,2026-02-10,11,4012.19,364.74454545454546,19,1.0,20.25,2.0
CUST-00074,2026-01-28,15,4581.18,305.41200000000003,32,2.0,45.91,8.0
CUST-00075,2026-02-03,6,2292.9700000000003,382.1616666666667,26,8.0,52.86875,3.0
CUST-00076,2025-08-03,4,810.62,202.655,210,8.0,56.95,0.0
CUST-00077,2026-01-12,7,1778.83,254.1185714285714,48,1.0,45.05,7.0
CUST-00078,2026-02-18,17,3021.21,177.71823529411765,11,6.0,55.685,5.0
CUST-00079,2026-03-03,12,3184.06,265.3383333333333,-2,7.0,44.14142857142857,0.0
CUST-00080,2026-01-13,20,4545.83,227.29149999999998,47,1.0,92.63,0.0
CUST-00081,2026-02-05,11,1736.61,157.87363636363636,24,7.0,63.35857142857143,5.0
CUST-00082,2026-01-09,5,1877.96,375.592,51,3.0,58.97666666666667,8.0
CUST-00083,2026-03-01,13,4086.63,314.35615384615386,0,7.0,65.16285714285713,6.0
CUST-00084,2025-12-27,8,2824.2200000000003,353.02750000000003,64,0.0,0.0,8.0
CUST-00085,2026-02-05,7,1408.83,201.26142857142855,24,1.0,2.81,3.0
CUST-00086,2026-01-12,13,3176.05,244.31153846153848,48,2.0,61.730000000000004,4.0
CUST-00087,2026-02-24,15,365.85,24.39,5,4.0,80.2,7.0
CUST-00088,2025-12-19,5,1484.17,296.834,72,4.0,64.3325,7.0
CUST-00089,2026-02-17,5,1742.62,348.524,12,1.0,50.95,2.0
CUST-00090,2025-12-07,11,818.86,74.44181818181818,84,2.0,51.345,6.0
CUST-00091,2025-10-24,9,2313.36,257.04,128,2.0,20.265,1.0
CUST-00092,2026-02-08,9,1822.52,202.50222222222223,21,4.0,65.14,5.0
CUST-00093,2025-12-14,7,395.29,56.470000000000006,77,7.0,43.35285714285714,4.0
CUST-00094,2026-02-25,14,2302.47,164.46214285714285,4,7.0,44.14,5.0
CUST-00095,2026-03-06,15,3647.79,243.186,-5,7.0,47.43142857142857,8.0
CUST-00096,2026-02-23,4,106.94,26.735,6,6.0,49.73,5.0
CUST-00097,2025-08-14,4,589.11,147.2775,199,0.0,0.0,0.0
CUST-00098,2026-02-08,15,3385.55,225.70333333333335,21,8.0,45.89375,2.0
CUST-00099,2026-02-28,14,4165.71,297.55071428571426,1,3.0,18.923333333333332,6.0
CUST-00100,2025-11-24,13,1774.88,136.52923076923076,97,1.0,81.62,6.0
CUST-00101,2026-01-26,10,3395.36,339.536,34,3.0,52.98333333333333,1.0
CUST-00102,2026-03-03,17,2032.84,119.57882352941176,-2,5.0,40.214,5.0
CUST-00103,2026-02-23,13,4499.19,346.09153846153845,6,3.0,51.71,0.0
CUST-00104,2026-03-01,8,1696.17,212.02125,0,2.0,15.1,7.0
CUST-00105,2025-12-20,6,1257.04,209.50666666666666,71,3.0,43.02333333333333,7.0
CUST-00106,2026-02-10,16,2388.15,149.259375,19,8.0,57.23625,1.0
CUST-00107,2026-01-02,8,295.02,36.8775,58,3.0,33.03666666666667,2.0
CUST-00108,2026-02-17,14,4560.21,325.7292857142857,12,0.0,0.0,5.0
CUST-00109,2026-02-18,10,2232.0,223.2,11,3.0,71.52,5.0
CUST-00110,2026-03-03,14,3850.9500000000003,275.0678571428572,-2,5.0,67.836,2.0
CUST-00111,2026-02-13,9,2127.35,236.3722222222222,16,3.0,34.67666666666667,6.0
CUST-00112,2025-12-24,7,1411.27,201.60999999999999,67,5.0,38.654,5.0
CUST-00113,2026-02-02,18,3540.08,196.67111111111112,27,0.0,0.0,4.0
CUST-00114,2026-03-03,18,907.94,50.44111111111111,-2,4.0,47.7325,6.0
CUST-00115,2026-02-13,20,2080.13,104.0065,16,0.0,0.0,4.0
CUST-00116,2025-12-18,5,267.06,53.412,73,8.0,36.63125,0.0
CUST-00117,2025-12-26,6,721.71,120.28500000000001,65,6.0,63.355,8.0
CUST-00118,2026-01-09,15,1968.04,131.20266666666666,51,8.0,48.945,2.0
CUST-00119,2025-07-08,4,975.84,243.96,236,6.0,39.485,4.0
CUST-00120,2026-03-02,11,2360.63,214.6027272727273,-1,7.0,46.410000000000004,5.0
CUST-00121,2026-02-24,19,3490.38,183.7042105263158,5,8.0,44.010000000000005,6.0
CUST-00122,2025-09-07,5,1149.66,229.93200000000002,175,5.0,58.168000000000006,0.0
CUST-00123,2025-12-13,3,1112.1399999999999,370.7133333333333,78,7.0,38.11571428571428,1.0
CUST-00124,2026-03-05,8,189.2,23.65,-4,0.0,0.0,0.0
CUST-00125,2026-02-09,6,1366.78,227.79666666666665,20,1.0,14.31,5.0
CUST-00126,2025-10-19,4,753.76,188.44,133,6.0,44.16166666666667,6.0
CUST-00127,2026-02-14,17,5183.84,304.93176470588236,15,0.0,0.0,2.0
CUST-00128,2026-02-15,13,3256.94,250.53384615384616,14,2.0,17.025,7.0
CUST-00129,2026-02-22,17,5570.83,327.69588235294117,7,0.0,0.0,1.0
CUST-00130,2026-02-20,17,5356.34,315.07882352941175,9,1.0,9.33,0.0
CUST-00131,2026-03-02,3,754.6,251.53333333333333,-1,3.0,24.86,1.0
CUST-00132,2026-02-27,7,614.02,87.71714285714286,2,4.0,61.135000000000005,7.0
CUST-00133,2026-03-01,19,2604.71,137.09,0,5.0,66.88,2.0
CUST-00134,2026-02-17,18,1439.49,79.97166666666666,12,4.0,68.39250000000001,3.0
CUST-00135,2025-11-13,9,3202.95,355.8833333333333,108,0.0,0.0,2.0
CUST-00136,2026-01-30,17,3963.55,233.15,30,6.0,56.54333333333333,6.0
CUST-00137,2025-10-04,5,517.33,103.46600000000001,148,5.0,37.686,0.0
CUST-00138,2026-03-06,14,5235.54,373.96714285714285,-5,4.0,43.9725,5.0
CUST-00139,2025-11-30,20,2996.21,149.8105,91,0.0,0.0,3.0
CUST-00140,2026-03-02,18,1064.03,59.11277777777778,-1,2.0,55.285,0.0
CUST-00141,2026-02-26,9,1941.96,215.77333333333334,3,2.0,32.66,8.0
CUST-00142,2026-01-31,3,720.9,240.29999999999998,29,1.0,88.12,5.0
CUST-00143,2026-01-27,4,421.83,105.4575,33,3.0,33.836666666666666,6.0
CUST-00144,2026-03-05,15,3341.3,222.75333333333336,-4,1.0,29.06,8.0
CUST-00145,2026-02-26,5,376.55,75.31,3,7.0,54.42142857142857,6.0
CUST-00146,2026-02-26,7,1356.68,193.8114285714286,3,3.0,52.833333333333336,3.0
CUST-00147,2026-03-04,19,1577.44,83.02315789473684,-3,4.0,49.92,7.0
CUST-00148,2025-08-30,3,362.36,120.78666666666668,183,3.0,65.06,0.0
CUST-00149,2026-03-03,13,1375.24,105.78769230769231,-2,6.0,61.22,3.0
CUST-00150,2026-01-09,12,2558.39,213.19916666666666,51,6.0,28.953333333333333,1.0
CUST-00151,2026-02-16,19,453.15,23.849999999999998,13,5.0,58.205999999999996,5.0
CUST-00152,2026-03-02,9,536.44,59.604444444444454,-1,6.0,56.37166666666667,1.0
CUST-00153,2026-01-07,8,1136.16,142.02,53,8.0,41.13625,6.0
CUST-00154,2026-01-12,14,1761.48,125.82000000000001,48,4.0,70.85249999999999,7.0
CUST-00155,2026-02-05,19,1628.26,85.6978947368421,24,4.0,61.33,2.0
CUST-00156,2026-02-16,5,1670.58,334.116,13,0.0,0.0,8.0
CUST-00157,2025-11-15,3,232.14,77.38,106,0.0,0.0,4.0
CUST-00158,2026-01-29,17,3438.04,202.23764705882354,31,3.0,51.71333333333333,0.0
CUST-00159,2025-12-15,14,1707.96,121.99714285714286,76,2.0,60.015,7.0
CUST-00160,2026-01-01,4,1416.0,354.0,59,3.0,52.343333333333334,5.0
CUST-00161,2025-11-05,13,4213.08,324.08307692307693,116,5.0,46.39,7.0
CUST-00162,2026-02-26,10,2267.52,226.752,3,8.0,55.59625,6.0
CUST-00163,2026-01-19,8,2514.85,314.35625,41,8.0,29.006249999999998,8.0
CUST-00164,2026-02-19,12,4214.08,351.17333333333335,10,0.0,0.0,3.0
CUST-00165,2026-02-27,8,2300.06,287.5075,2,7.0,57.128571428571426,4.0
CUST-00166,2026-02-11,14,5065.13,361.795,18,6.0,46.711666666666666,3.0
CUST-00167,2026-03-04,18,3370.89,187.27166666666665,-3,0.0,0.0,1.0
CUST-00168,2026-02-08,4,722.78,180.695,21,0.0,0.0,4.0
CUST-00169,2026-03-04,15,4650.84,310.056,-3,8.0,57.50625,7.0
CUST-00170,2025-12-21,16,4643.6900000000005,290.23062500000003,70,7.0,55.23571428571428,4.0
CUST-00171,2025-10-15,6,1287.3,214.54999999999998,137,4.0,37.1025,8.0
CUST-00172,2026-02-25,15,4300.79,286.71933333333334,4,2.0,74.715,7.0
CUST-00173,2026-01-28,19,4278.16,225.16631578947369,32,2.0,56.76,7.0
CUST-00174,2026-02-10,5,206.01,41.202,19,5.0,51.6,6.0
CUST-00175,2025-09-18,4,601.0799999999999,150.26999999999998,164,6.0,36.645,4.0
CUST-00176,2026-01-15,5,503.67,100.73400000000001,45,5.0,61.664,6.0
CUST-00177,2026-02-05,15,4493.54,299.5693333333333,24,1.0,40.87,2.0
CUST-00178,2026-02-21,9,3053.83,339.31444444444446,8,4.0,44.7475,0.0
CUST-00179,2025-12-07,18,3048.58,169.36555555555555,84,3.0,33.75666666666667,5.0
CUST-00180,2026-02-13,19,4438.35,233.59736842105266,16,5.0,45.282,2.0
CUST-00181,2026-02-14,4,1384.87,346.2175,15,4.0,38.83,2.0
CUST-00182,2026-01-13,11,1227.24,111.56727272727272,47,5.0,52.746,8.0
CUST-00183,2026-02-23,17,3161.42,185.96588235294118,6,0.0,0.0,1.0
CUST-00184,2026-02-03,16,1475.95,92.246875,26,5.0,38.518,5.0
CUST-00185,2026-03-03,16,4748.07,296.754375,-2,4.0,54.4375,8.0
CUST-00186,2026-02-19,16,5215.57,325.973125,10,5.0,40.239999999999995,5.0
CUST-00187,2026-01-12,5,1693.47,338.694,48,6.0,51.309999999999995,1.0
CUST-00188,2026-03-01,15,3405.94,227.06266666666667,0,7.0,49.894285714285715,2.0
CUST-00189,2026-03-02,19,2213.0099999999998,116.47421052631577,-1,6.0,57.65833333333333,7.0
CUST-00190,2025-12-12,5,1544.44,308.88800000000003,79,7.0,45.00285714285714,0.0
CUST-00191,2026-02-26,18,3176.38,176.46555555555557,3,0.0,0.0,3.0
CUST-00192,2026-01-21,12,3091.57,257.6308333333333,39,5.0,49.654,7.0
CUST-00193,2025-12-30,4,1064.15,266.0375,61,2.0,37.07,1.0
CUST-00194,2025-11-28,13,2001.81,153.98538461538462,93,5.0,27.418,2.0
CUST-00195,2026-02-16,16,5569.47,348.091875,13,0.0,0.0,2.0
CUST-00196,2025-12-27,13,2986.7,229.74615384615385,64,5.0,55.958000000000006,6.0
CUST-00197,2026-02-20,15,4168.34,277.88933333333335,9,5.0,36.876,1.0
CUST-00198,2026-03-05,3,274.0,91.33333333333333,-4,3.0,35.080000000000005,8.0
CUST-00199,2026-03-01,17,392.77,23.10411764705882,0,0.0,0.0,8.0
CUST-00200,2026-03-01,18,4258.61,236.58944444444444,0,8.0,47.94625,5.0
CUST-00201,2025-04-24,3,465.74,155.24666666666667,311,5.0,49.54,5.0
CUST-00202,2026-02-26,7,1784.37,254.91,3,4.0,63.915000000000006,0.0
CUST-00203,2026-03-06,18,2370.99,131.72166666666666,-5,6.0,45.458333333333336,3.0
CUST-00204,2026-02-09,15,648.45,43.230000000000004,20,7.0,46.68857142857143,4.0
CUST-00205,2026-03-01,20,1938.87,96.9435,0,1.0,49.61,4.0
CUST-00206,2025-12-11,9,2498.58,277.62,80,8.0,42.60625,4.0
CUST-00207,2026-02-21,6,197.7,32.949999999999996,8,1.0,27.86,1.0
CUST-00208,2025-11-13,5,1027.8899999999999,205.57799999999997,108,8.0,54.415,7.0
CUST-00209,2026-03-06,17,1190.74,70.04352941176471,-5,4.0,38.5025,6.0
CUST-00210,2026-01-14,13,1282.58,98.66,46,7.0,67.41428571428573,2.0
CUST-00211,2026-02-14,9,982.41,109.15666666666667,15,8.0,46.11125,8.0
CUST-00212,2025-11-07,11,1954.75,177.70454545454547,114,0.0,0.0,2.0
CUST-00213,2025-11-28,8,2089.74,261.2175,93,0.0,0.0,3.0
CUST-00214,2026-02-07,12,823.0899999999999,68.59083333333332,22,7.0,47.13285714285714,4.0
CUST-00215,2026-03-06,19,6221.4,327.4421052631579,-5,4.0,31.5625,7.0
CUST-00216,2026-02-25,18,1118.43,62.135000000000005,4,7.0,46.151428571428575,6.0
CUST-00217,2025-09-09,10,306.9,30.689999999999998,173,2.0,43.77,2.0
CUST-00218,2026-02-13,10,3039.35,303.935,16,5.0,54.802,1.0
CUST-00219,2026-02-10,6,1786.35,297.72499999999997,19,8.0,38.82125,8.0
CUST-00220,2025-10-19,3,182.87,60.95666666666667,133,2.0,50.115,8.0
CUST-00221,2026-02-20,10,1011.42,101.142,9,7.0,55.39999999999999,0.0
CUST-00222,2025-11-04,15,3443.05,229.5366666666667,117,6.0,33.865,6.0
CUST-00223,2026-02-22,16,565.73,35.358125,7,2.0,46.7,8.0
CUST-00224,2026-02-10,12,4405.63,367.1358333333333,19,6.0,59.42666666666667,8.0
CUST-00225,2025-10-09,3,439.09000000000003,146.36333333333334,143,4.0,49.2825,0.0
CUST-00226,2025-12-16,9,550.13,61.12555555555556,75,6.0,41.675,2.0
CUST-00227,2026-02-20,17,5747.7,338.09999999999997,9,7.0,52.80714285714286,7.0
CUST-00228,2026-02-14,11,3574.09,324.91727272727275,15,3.0,70.37333333333333,4.0
CUST-00229,2026-03-02,9,3312.81,368.09,-1,6.0,29.400000000000002,3.0
CUST-00230,2026-01-26,6,1845.33,307.555,34,5.0,46.938,0.0
CUST-00231,2026-02-11,20,5241.92,262.096,18,3.0,47.06333333333333,3.0
CUST-00232,2026-03-04,16,525.98,32.87375,-3,3.0,43.38,4.0
CUST-00233,2026-02-19,14,3071.73,219.40928571428572,10,5.0,64.73400000000001,4.0
CUST-00234,2026-01-03,7,1223.58,174.79714285714286,57,1.0,23.76,0.0
CUST-00235,2026-01-31,19,2774.23,146.0121052631579,29,0.0,0.0,5.0
CUST-00236,2026-01-17,17,1103.19,64.8935294117647,43,8.0,46.802499999999995,5.0
CUST-00237,2025-12-29,15,4387.17,292.478,62,7.0,66.35571428571428,4.0
CUST-00238,2025-12-15,6,2091.89,348.6483333333333,76,8.0,66.39625,7.0
CUST-00239,2026-01-17,9,2749.6400000000003,305.5155555555556,43,5.0,47.29,1.0
CUST-00240,2025-09-04,5,1377.97,275.594,178,6.0,46.76666666666667,8.0
CUST-00241,2025-12-19,11,1835.57,166.87,72,0.0,0.0,7.0
CUST-00242,2026-02-19,15,1125.56,75.03733333333334,10,7.0,47.291428571428575,0.0
CUST-00243,2025-11-17,16,1909.94,119.37125,104,1.0,91.95,6.0
CUST-00244,2026-01-07,14,4837.27,345.51928571428573,53,6.0,62.85999999999999,1.0
CUST-00245,2025-12-07,4,621.97,155.4925,84,1.0,8.2,6.0
CUST-00246,2025-10-26,5,164.14000000000001,32.828,126,5.0,70.994,8.0
CUST-00247,2025-12-10,15,5271.72,351.44800000000004,81,0.0,0.0,0.0
CUST-00248,2025-08-28,4,1520.58,380.145,185,3.0,51.61333333333332,7.0
CUST-00249,2026-03-03,11,1212.53,110.23,-2,4.0,35.185,7.0
CUST-00250,2026-02-20,17,5737.18,337.48117647058825,9,4.0,57.295,2.0
CUST-00251,2026-01-12,5,140.87,28.174,48,2.0,16.65,8.0
CUST-00252,2025-10-30,3,825.5799999999999,275.1933333333333,122,1.0,19.56,3.0
CUST-00253,2026-02-12,20,1667.87,83.39349999999999,17,0.0,0.0,4.0
CUST-00254,2026-02-26,3,336.55,112.18333333333334,3,6.0,57.29666666666666,1.0
CUST-00255,2026-01-11,11,1872.33,170.2118181818182,49,2.0,81.155,1.0
CUST-00256,2025-12-17,3,760.18,253.39333333333332,74,8.0,37.62,7.0
CUST-00257,2026-03-03,5,1153.5,230.7,-2,1.0,35.31,1.0
CUST-00258,2025-11-01,9,1407.72,156.41333333333333,120,2.0,81.38,0.0
CUST-00259,2026-02-22,19,6428.37,338.33526315789476,7,5.0,42.308,0.0
CUST-00260,2026-02-27,13,4000.79,307.75307692307695,2,8.0,49.79,5.0
CUST-00261,2026-01-24,6,740.08,123.34666666666668,36,1.0,7.15,3.0
CUST-00262,2026-02-08,11,361.44,32.85818181818182,21,6.0,48.73,8.0
CUST-00263,2026-02-27,10,232.15,23.215,2,7.0,41.598571428571425,5.0
CUST-00264,2025-09-08,7,1628.58,232.6542857142857,174,7.0,44.120000000000005,5.0
CUST-00265,2026-02-06,16,5067.61,316.725625,23,0.0,0.0,8.0
CUST-00266,2026-02-25,19,2469.12,129.95368421052632,4,1.0,74.18,0.0
CUST-00267,2026-01-05,18,7021.34,390.07444444444445,55,8.0,58.8825,2.0
CUST-00268,2026-03-01,18,1540.1200000000001,85.56222222222223,0,7.0,44.708571428571425,1.0
CUST-00269,2026-03-01,20,3778.76,188.93800000000002,0,0.0,0.0,2.0
CUST-00270,2026-02-17,15,2983.6,198.90666666666667,12,5.0,52.482000000000006,5.0
CUST-00271,2026-01-20,20,3760.54,188.027,40,0.0,0.0,5.0
CUST-00272,2025-12-31,18,2976.93,165.385,60,5.0,32.592,7.0
CUST-00273,2026-03-04,12,3702.02,308.50166666666667,-3,3.0,27.636666666666667,2.0
CUST-00274,2026-02-26,19,1241.38,65.33578947368422,3,6.0,57.66833333333333,4.0
CUST-00275,2026-01-16,6,1073.55,178.92499999999998,44,4.0,25.1675,5.0
CUST-00276,2025-12-28,3,544.53,181.51,63,2.0,45.775,0.0
CUST-00277,2025-12-25,10,3068.2,306.82,66,8.0,30.05875,6.0
CUST-00278,2026-02-18,17,5933.96,349.0564705882353,11,8.0,45.81125,6.0
CUST-00279,2026-03-04,14,2916.73,208.33785714285713,-3,2.0,14.725,0.0
CUST-00280,2026-03-01,20,458.0,22.9,0,4.0,52.0575,6.0
CUST-00281,2026-02-10,6,510.26,85.04333333333334,19,2.0,65.57,3.0
CUST-00282,2026-02-14,8,1878.56,234.82,15,5.0,63.164,0.0
CUST-00283,2026-02-16,13,1768.4,136.03076923076924,13,6.0,41.86833333333333,2.0
CUST-00284,2025-11-28,9,1000.92,111.21333333333332,93,8.0,51.6,8.0
CUST-00285,2025-12-22,19,5894.63,310.24368421052634,69,4.0,53.695,3.0
CUST-00286,2026-01-08,15,4510.45,300.69666666666666,52,2.0,43.92,2.0
CUST-00287,2026-02-27,13,516.66,39.74307692307692,2,4.0,58.275,0.0
CUST-00288,2026-01-09,6,1874.33,312.3883333333333,51,6.0,46.455000000000005,1.0
CUST-00289,2026-01-18,10,1778.6599999999999,177.86599999999999,42,6.0,35.891666666666666,3.0
CUST-00290,2026-02-06,19,6970.85,366.88684210526316,23,4.0,57.239999999999995,0.0
CUST-00291,2026-01-23,13,507.97,39.074615384615385,37,7.0,59.629999999999995,8.0
CUST-00292,2026-01-30,8,791.35,98.91875,30,6.0,58.175000000000004,3.0
CUST-00293,2026-03-04,15,363.55,24.236666666666668,-3,5.0,51.39000000000001,5.0
CUST-00294,2026-01-22,13,338.56,26.043076923076924,38,0.0,0.0,4.0
CUST-00295,2025-11-27,5,1096.98,219.39600000000002,94,6.0,48.160000000000004,5.0
CUST-00296,2026-01-11,6,1040.6599999999999,173.4433333333333,49,8.0,73.06875,8.0
CUST-00297,2026-02-22,6,1562.39,260.39833333333337,7,6.0,64.62333333333333,7.0
CUST-00298,2026-01-27,18,3111.2599999999998,172.84777777777776,33,5.0,44.934,6.0
CUST-00299,2026-03-03,5,307.41,61.482000000000006,-2,2.0,24.395,7.0
CUST-00300,2026-01-16,20,3936.89,196.84449999999998,44,1.0,2.01,4.0
CUST-00301,2026-02-09,18,4874.6,270.81111111111113,20,3.0,51.57,0.0
CUST-00302,2026-03-01,17,6156.38,362.14,0,5.0,23.426,6.0
CUST-00303,2026-02-23,13,3407.22,262.09384615384613,6,2.0,49.295,6.0
CUST-00304,2026-02-12,19,4103.54,215.97578947368422,17,4.0,56.65,5.0
CUST-00305,2026-03-01,10,3680.91,368.091,0,6.0,66.2,2.0
CUST-00306,2026-02-09,13,2450.14,188.47230769230768,20,3.0,36.123333333333335,1.0
CUST-00307,2026-02-19,15,2431.63,162.10866666666666,10,3.0,45.916666666666664,4.0
CUST-00308,2026-01-19,13,1561.63,120.12538461538462,41,8.0,45.6725,4.0
CUST-00309,2026-02-24,19,5873.16,309.1136842105263,5,3.0,33.303333333333335,5.0
CUST-00310,2026-02-01,6,700.67,116.77833333333332,28,7.0,34.40714285714286,2.0
CUST-00311,2025-12-16,18,4328.04,240.44666666666666,75,3.0,43.89666666666667,0.0
CUST-00312,2026-01-29,13,3563.5699999999997,274.1207692307692,31,4.0,51.7775,1.0
CUST-00313,2026-03-01,12,1908.43,159.03583333333333,0,0.0,0.0,4.0
CUST-00314,2026-02-03,6,607.3199999999999,101.21999999999998,26,4.0,54.41,1.0
CUST-00315,2025-11-13,5,149.34,29.868000000000002,108,0.0,0.0,4.0
CUST-00316,2026-02-25,20,3194.09,159.7045,4,6.0,42.72,0.0
CUST-00317,2025-12-19,3,736.79,245.59666666666666,72,2.0,75.445,7.0
CUST-00318,2026-02-05,4,222.35000000000002,55.587500000000006,24,4.0,15.52,3.0
CUST-00319,2026-02-17,11,1100.05,100.00454545454545,12,7.0,30.28857142857143,0.0
CUST-00320,2026-03-05,16,2113.29,132.080625,-4,4.0,38.955,1.0
CUST-00321,2025-09-16,4,172.82,43.205,166,1.0,88.74,4.0
CUST-00322,2025-10-08,4,246.82,61.705,144,3.0,53.699999999999996,4.0
CUST-00323,2026-03-04,14,1701.23,121.51642857142858,-3,6.0,37.916666666666664,3.0
CUST-00324,2026-02-26,6,521.67,86.945,3,2.0,44.73,4.0
CUST-00325,2025-12-25,14,2806.2,200.44285714285712,66,7.0,40.542857142857144,2.0
CUST-00326,2025-12-23,13,1248.96,96.07384615384616,68,3.0,56.120000000000005,4.0
CUST-00327,2025-10-08,6,1820.96,303.49333333333334,144,8.0,51.144999999999996,0.0
CUST-00328,2026-01-02,4,1238.95,309.7375,58,1.0,38.22,6.0
CUST-00329,2026-03-04,20,5092.4800000000005,254.62400000000002,-3,7.0,39.378571428571426,2.0
CUST-00330,2026-01-04,8,777.91,97.23875,56,7.0,45.40714285714285,8.0
CUST-00331,2025-12-05,3,885.16,295.05333333333334,86,0.0,0.0,3.0
CUST-00332,2026-01-14,14,1578.43,112.745,46,0.0,0.0,7.0
CUST-00333,2026-02-25,18,1710.66,95.03666666666668,4,4.0,58.345,1.0
CUST-00334,2026-03-03,16,1385.32,86.5825,-2,6.0,40.15333333333333,0.0
CUST-00335,2026-01-16,3,141.48,47.16,44,1.0,11.88,7.0
CUST-00336,2026-02-01,11,978.98,88.99818181818182,28,7.0,40.067142857142855,6.0
CUST-00337,2026-02-01,12,1178.71,98.22583333333334,28,3.0,41.32,6.0
CUST-00338,2026-02-27,19,2631.13,138.4805263157895,2,5.0,70.42,4.0
CUST-00339,2026-02-26,20,2453.8,122.69000000000001,3,3.0,12.546666666666667,8.0
CUST-00340,2026-02-04,20,3408.63,170.4315,25,1.0,41.95,0.0
CUST-00341,2026-02-10,15,5004.7,333.64666666666665,19,4.0,30.0275,0.0
CUST-00342,2026-03-03,20,4807.4400000000005,240.372,-2,7.0,35.135714285714286,2.0
CUST-00343,2026-02-02,12,947.66,78.97166666666666,27,2.0,42.435,1.0
CUST-00344,2026-02-15,10,1346.97,134.697,14,6.0,51.83833333333333,6.0
CUST-00345,2025-09-28,3,1084.4299999999998,361.47666666666663,154,1.0,27.65,5.0
CUST-00346,2026-01-21,3,106.2,35.4,39,5.0,43.182,1.0
CUST-00347,2025-10-04,4,209.03,52.2575,148,2.0,10.375,3.0
CUST-00348,2026-01-06,13,2320.71,178.51615384615386,54,2.0,53.785,8.0
CUST-00349,2026-02-08,18,369.35,20.519444444444446,21,3.0,56.580000000000005,1.0
CUST-00350,2026-02-23,12,3435.63,286.3025,6,6.0,39.666666666666664,7.0
CUST-00351,2026-01-10,4,1146.07,286.5175,50,4.0,51.932500000000005,2.0
CUST-00352,2026-02-19,14,5369.3,383.5214285714286,10,7.0,62.894285714285715,2.0
CUST-00353,2026-01-20,3,619.49,206.49666666666667,40,8.0,38.2675,0.0
CUST-00354,2025-10-07,6,392.13,65.355,145,8.0,35.89,6.0
CUST-00355,2026-01-19,9,1169.84,129.98222222222222,41,2.0,18.869999999999997,6.0
CUST-00356,2026-02-05,15,4213.84,280.92266666666666,24,6.0,35.585,8.0
CUST-00357,2026-01-27,18,840.05,46.669444444444444,33,1.0,70.34,6.0
CUST-00358,2026-03-04,13,4244.03,326.46384615384613,-3,6.0,54.1,5.0
CUST-00359,2026-01-23,19,3016.83,158.78052631578947,37,6.0,45.10999999999999,1.0
CUST-00360,2026-02-27,13,1839.12,141.47076923076924,2,4.0,63.875,7.0
CUST-00361,2026-01-30,17,4253.38,250.19882352941178,30,3.0,27.116666666666664,1.0
CUST-00362,2026-02-14,11,1677.22,152.47454545454545,15,8.0,67.16,4.0
CUST-00363,2026-02-18,12,2137.73,178.14416666666668,11,6.0,33.18,0.0
CUST-00364,2026-02-03,13,1854.96,142.68923076923076,26,6.0,39.60666666666667,2.0
CUST-00365,2025-08-22,5,1379.52,275.904,191,1.0,93.96,3.0
CUST-00366,2026-03-06,14,2844.88,203.2057142857143,-5,6.0,68.835,0.0
CUST-00367,2026-03-03,4,857.24,214.31,-2,7.0,35.47571428571428,3.0
CUST-00368,2026-02-26,12,1138.79,94.89916666666666,3,3.0,27.093333333333334,4.0
CUST-00369,2025-10-15,6,2163.43,360.57166666666666,137,1.0,9.06,5.0
CUST-00370,2026-03-01,14,1135.05,81.075,0,5.0,42.918,5.0
CUST-00371,2026-02-23,3,643.0999999999999,214.36666666666665,6,6.0,45.60666666666666,0.0
CUST-00372,2026-02-16,20,6817.67,340.8835,13,0.0,0.0,2.0
CUST-00373,2025-11-14,7,2071.24,295.89142857142855,107,4.0,50.7625,5.0
CUST-00374,2026-03-05,12,3046.79,253.89916666666667,-4,3.0,76.06333333333333,0.0
CUST-00375,2026-03-02,19,1901.72,100.09052631578948,-1,8.0,44.84375,7.0
CUST-00376,2026-02-08,16,1658.1299999999999,103.63312499999999,21,8.0,57.0375,0.0
CUST-00377,2025-12-26,3,669.83,223.27666666666667,65,2.0,74.28,0.0
CUST-00378,2026-03-01,4,859.4300000000001,214.85750000000002,0,6.0,50.31,7.0
CUST-00379,2026-03-03,11,1229.47,111.77,-2,1.0,14.19,0.0
CUST-00380,2026-03-05,17,5954.6,350.27058823529416,-4,7.0,33.72571428571428,3.0
CUST-00381,2026-02-15,12,911.33,75.94416666666667,14,0.0,0.0,3.0
CUST-00382,2026-03-01,8,2567.39,320.92375,0,7.0,37.09571428571429,8.0
CUST-00383,2025-05-23,5,451.76,90.352,282,3.0,6.636666666666667,4.0
CUST-00384,2026-03-02,11,909.19,82.65363636363637,-1,7.0,49.76857142857143,0.0
CUST-00385,2026-02-14,19,3968.93,208.89105263157893,15,7.0,33.67857142857143,6.0
CUST-00386,2026-02-04,8,483.73,60.46625,25,5.0,19.908,1.0
CUST-00387,2026-01-13,14,2252.1800000000003,160.87000000000003,47,0.0,0.0,0.0
CUST-00388,2026-03-05,19,3198.22,168.32736842105263,-4,5.0,45.064,6.0
CUST-00389,2026-01-25,8,2681.63,335.20375,35,0.0,0.0,4.0
CUST-00390,2026-02-19,18,4681.37,260.0761111111111,10,4.0,32.6975,3.0
CUST-00391,2026-02-15,6,1070.05,178.34166666666667,14,6.0,71.60833333333333,1.0
CUST-00392,2026-03-04,16,2672.3,167.01875,-3,5.0,52.274,6.0
CUST-00393,2026-03-03,9,1760.6599999999999,195.62888888888887,-2,3.0,53.20666666666667,1.0
CUST-00394,2026-02-11,16,2814.79,175.924375,18,8.0,54.7675,3.0
CUST-00395,2026-02-01,15,4496.9,299.7933333333333,28,6.0,43.15166666666667,8.0
CUST-00396,2025-12-14,18,5728.67,318.25944444444445,77,2.0,72.955,5.0
CUST-00397,2026-01-15,15,3313.89,220.926,45,3.0,44.21666666666667,2.0
CUST-00398,2026-02-06,19,2000.94,105.31263157894738,23,5.0,15.489999999999998,5.0
CUST-00399,2026-01-30,10,3189.98,318.998,30,2.0,55.72,4.0
CUST-00400,2026-03-05,16,3860.66,241.29125,-4,7.0,59.784285714285716,8.0
CUST-00401,2026-03-06,18,4747.12,263.7288888888889,-5,4.0,42.815,3.0
CUST-00402,2026-03-03,19,6730.0599999999995,354.2136842105263,-2,8.0,54.015,5.0
CUST-00403,2026-03-06,14,2864.69,204.62071428571429,-5,5.0,72.84,7.0
CUST-00404,2026-03-01,18,6779.38,376.63222222222225,0,0.0,0.0,4.0
CUST-00405,2025-12-22,7,662.34,94.62,69,0.0,0.0,6.0
CUST-00406,2026-01-26,14,4086.83,291.9164285714286,34,1.0,31.25,1.0
CUST-00407,2025-11-17,3,771.22,257.0733333333333,104,6.0,45.10999999999999,8.0
CUST-00408,2026-03-06,16,1799.87,112.491875,-5,7.0,43.25285714285714,1.0
CUST-00409,2026-02-10,12,2103.39,175.2825,19,5.0,60.472,2.0
CUST-00410,2025-12-13,3,407.45,135.81666666666666,78,0.0,0.0,7.0
CUST-00411,2026-02-07,14,1338.46,95.60428571428572,22,5.0,63.907999999999994,8.0
CUST-00412,2026-02-26,10,3569.08,356.908,3,7.0,40.56142857142857,1.0
CUST-00413,2025-11-30,8,1363.87,170.48375,91,2.0,21.225,0.0
CUST-00414,2026-01-06,6,351.46,58.57666666666666,54,8.0,45.7025,0.0
CUST-00415,2026-01-13,4,555.04,138.76,47,6.0,45.51333333333333,7.0
CUST-00416,2026-03-03,12,3467.06,288.9216666666667,-2,2.0,40.29,7.0
CUST-00417,2026-01-23,13,2428.74,186.82615384615383,37,1.0,62.27,5.0
CUST-00418,2025-04-23,4,959.7,239.925,312,7.0,71.9042857142857,4.0
CUST-00419,2025-12-23,9,2965.81,329.53444444444443,68,1.0,28.62,8.0
CUST-00420,2026-02-16,8,573.28,71.66,13,0.0,0.0,1.0
CUST-00421,2026-02-18,17,6208.57,365.21,11,7.0,67.22428571428571,6.0
CUST-00422,2026-02-19,16,3285.88,205.3675,10,4.0,65.5575,4.0
CUST-00423,2025-10-18,3,317.26,105.75333333333333,134,6.0,43.38833333333333,6.0
CUST-00424,2026-02-14,15,3116.29,207.75266666666667,15,0.0,0.0,8.0
CUST-00425,2026-02-24,20,5517.84,275.892,5,0.0,0.0,7.0
CUST-00426,2026-01-20,18,412.99,22.94388888888889,40,4.0,51.0575,1.0
CUST-00427,2026-01-20,9,2291.31,254.59,40,8.0,38.97625,2.0
CUST-00428,2026-03-01,7,1211.88,173.1257142857143,0,7.0,52.542857142857144,2.0
CUST-00429,2026-02-15,11,2530.44,230.04,14,6.0,49.93333333333333,7.0
CUST-00430,2026-02-21,10,3077.88,307.788,8,8.0,55.432500000000005,0.0
CUST-00431,2026-02-10,18,5671.19,315.06611111111107,19,4.0,26.265,0.0
CUST-00432,2025-12-13,4,189.15,47.2875,78,2.0,63.83,0.0
CUST-00433,2026-03-03,14,2662.27,190.16214285714287,-2,6.0,73.72500000000001,7.0
CUST-00434,2026-02-07,16,1402.98,87.68625,22,4.0,35.1775,1.0
CUST-00435,2025-11-18,8,2845.78,355.7225,103,6.0,47.88833333333333,7.0
CUST-00436,2026-01-25,4,765.18,191.295,35,5.0,49.156,1.0
CUST-00437,2026-03-03,20,5010.72,250.536,-2,1.0,51.2,6.0
CUST-00438,2026-03-05,8,2737.54,342.1925,-4,0.0,0.0,7.0
CUST-00439,2026-02-23,16,1428.56,89.285,6,1.0,94.17,8.0
CUST-00440,2026-01-30,12,2198.66,183.22166666666666,30,3.0,61.82,0.0
CUST-00441,2026-02-15,20,606.05,30.3025,14,3.0,71.56666666666666,2.0
CUST-00442,2025-07-29,5,1293.29,258.658,215,6.0,48.321666666666665,1.0
CUST-00443,2026-02-24,5,576.5799999999999,115.31599999999999,5,3.0,62.26666666666667,7.0
CUST-00444,2026-03-03,15,3178.61,211.90733333333336,-2,2.0,38.21,7.0
CUST-00445,2026-02-12,16,4900.33,306.270625,17,6.0,44.22,8.0
CUST-00446,2026-01-24,8,251.85,31.48125,36,0.0,0.0,4.0
CUST-00447,2026-02-03,13,2036.85,156.68076923076922,26,8.0,63.59375,6.0
CUST-00448,2026-02-28,10,3030.62,303.062,1,2.0,82.94999999999999,3.0
CUST-00449,2026-02-14,16,1810.79,113.174375,15,6.0,47.6,2.0
CUST-00450,2026-02-25,14,2466.05,176.14642857142857,4,8.0,47.81375,5.0
CUST-00451,2025-12-29,8,3005.58,375.6975,62,2.0,23.529999999999998,5.0
CUST-00452,2026-03-01,16,2973.27,185.829375,0,0.0,0.0,1.0
CUST-00453,2026-03-06,20,1152.19,57.609500000000004,-5,4.0,61.475,3.0
CUST-00454,2026-02-12,7,1696.73,242.39000000000001,17,0.0,0.0,2.0
CUST-00455,2026-01-31,15,5342.849999999999,356.18999999999994,29,1.0,28.22,6.0
CUST-00456,2025-12-13,8,2119.79,264.97375,78,8.0,54.9725,5.0
CUST-00457,2026-01-22,16,3163.47,197.716875,38,5.0,44.72,2.0
CUST-00458,2026-01-13,4,833.29,208.3225,47,4.0,53.120000000000005,1.0
CUST-00459,2025-12-29,7,355.95,50.85,62,1.0,32.16,6.0
CUST-00460,2026-01-09,8,352.52,44.065,51,0.0,0.0,3.0
CUST-00461,2026-01-14,16,1005.26,62.82875,46,4.0,56.322500000000005,7.0
CUST-00462,2026-02-16,8,2260.1,282.5125,13,7.0,42.91285714285714,7.0
CUST-00463,2026-02-15,17,5623.59,330.7994117647059,14,8.0,45.597500000000004,1.0
CUST-00464,2026-02-11,18,1081.59,60.08833333333333,18,0.0,0.0,2.0
CUST-00465,2025-12-30,11,1596.1100000000001,145.1009090909091,61,2.0,43.43,6.0
CUST-00466,2026-02-13,19,2518.58,132.55684210526314,16,4.0,50.1675,3.0
CUST-00467,2026-02-18,19,4451.06,234.2663157894737,11,6.0,37.60333333333333,8.0
CUST-00468,2025-12-12,13,2932.92,225.60923076923078,79,7.0,56.07714285714285,6.0
CUST-00469,2025-12-21,9,3137.71,348.63444444444445,70,3.0,86.93333333333334,5.0
CUST-00470,2025-11-29,12,3874.6800000000003,322.89000000000004,92,3.0,24.326666666666664,3.0
CUST-00471,2026-03-04,13,3475.82,267.37076923076927,-3,8.0,44.4425,2.0
CUST-00472,2025-12-30,10,3416.84,341.684,61,2.0,73.12,0.0
CUST-00473,2026-02-19,12,2023.0,168.58333333333334,10,3.0,31.016666666666666,3.0
CUST-00474,2025-10-20,4,675.1700000000001,168.79250000000002,132,3.0,58.48,4.0
CUST-00475,2026-02-22,13,1251.45,96.26538461538462,7,6.0,47.008333333333326,1.0
CUST-00476,2026-02-06,18,872.03,48.44611111111111,23,8.0,47.67,2.0
CUST-00477,2025-12-01,7,1569.46,224.20857142857145,90,5.0,36.977999999999994,3.0
CUST-00478,2026-02-15,3,244.35000000000002,81.45,14,8.0,30.575,1.0
CUST-00479,2026-02-17,6,968.47,161.41166666666666,12,8.0,28.16125,0.0
CUST-00480,2026-02-03,19,5706.43,300.3384210526316,26,8.0,53.61625,2.0
CUST-00481,2026-02-05,18,3001.94,166.77444444444444,24,4.0,54.43,2.0
CUST-00482,2025-10-13,3,337.25,112.41666666666667,139,1.0,19.97,2.0
CUST-00483,2026-01-12,8,306.81,38.35125,48,4.0,36.165,0.0
CUST-00484,2026-03-04,7,1466.92,209.56,-3,6.0,48.89833333333333,0.0
CUST-00485,2026-02-01,9,1956.33,217.37,28,6.0,53.62,5.0
CUST-00486,2026-01-11,13,2798.58,215.2753846153846,49,3.0,47.15,4.0
CUST-00487,2026-01-15,16,5566.66,347.91625,45,4.0,47.54,3.0
CUST-00488,2025-08-04,4,1215.69,303.9225,209,4.0,63.622499999999995,8.0
CUST-00489,2026-02-16,4,200.57,50.1425,13,4.0,52.760000000000005,0.0
CUST-00490,2026-02-20,17,5791.8,340.6941176470588,9,3.0,35.63,5.0
CUST-00491,2025-12-11,4,384.89,96.2225,80,7.0,62.88428571428572,1.0
CUST-00492,2026-01-05,17,3452.4,203.08235294117648,55,7.0,34.995714285714286,1.0
CUST-00493,2026-03-06,20,6733.13,336.6565,-5,2.0,78.575,1.0
CUST-00494,2026-02-25,18,3024.29,168.01611111111112,4,6.0,56.086666666666666,7.0
CUST-00495,2026-02-03,4,1166.4499999999998,291.61249999999995,26,5.0,44.562,2.0
CUST-00496,2026-02-09,10,2111.37,211.137,20,0.0,0.0,8.0
CUST-00497,2026-03-03,4,843.36,210.84,-2,8.0,59.075,3.0
CUST-00498,2026-03-02,10,3430.7799999999997,343.078,-1,5.0,51.278,3.0
CUST-00499,2026-02-04,16,3844.8599999999997,240.30374999999998,25,5.0,63.44200000000001,5.0
CUST-00500,2026-02-18,19,1075.36,56.5978947368421,11,2.0,34.545,3.0
CUST-00501,2026-02-17,7,1547.15,221.02142857142857,12,3.0,59.863333333333344,5.0
CUST-00502,2026-03-06,18,2590.23,143.90166666666667,-5,7.0,55.95428571428572,3.0
CUST-00503,2026-03-02,12,1512.6299999999999,126.0525,-1,4.0,37.245,4.0
CUST-00504,2026-02-21,10,1854.26,185.426,8,8.0,54.2125,8.0
CUST-00505,2025-12-08,13,4327.62,332.89384615384614,83,7.0,58.815714285714286,3.0
CUST-00506,2026-03-05,12,3963.2,330.26666666666665,-4,0.0,0.0,1.0
CUST-00507,2026-02-25,4,1119.4,279.85,4,3.0,54.99666666666667,0.0
CUST-00508,2025-12-05,12,3074.73,256.2275,86,3.0,43.43333333333334,6.0
CUST-00509,2026-03-02,19,4133.26,217.54000000000002,-1,7.0,23.46857142857143,5.0
CUST-00510,2026-01-08,10,1747.38,174.738,52,7.0,49.3,4.0
CUST-00511,2025-12-29,9,2335.55,259.5055555555556,62,6.0,45.76499999999999,7.0
CUST-00512,2025-09-05,12,1819.0,151.58333333333334,177,5.0,41.476,6.0
CUST-00513,2026-02-02,13,2939.16,226.08923076923077,27,0.0,0.0,0.0
CUST-00514,2026-02-26,17,1822.3,107.19411764705882,3,1.0,58.51,2.0
CUST-00515,2026-02-08,8,1270.8899999999999,158.86124999999998,21,6.0,51.60333333333333,1.0
CUST-00516,2026-02-22,8,1785.94,223.2425,7,4.0,33.4675,7.0
CUST-00517,2026-01-24,16,2026.9,126.68125,36,3.0,72.38000000000001,5.0
CUST-00518,2026-01-21,8,2063.5,257.9375,39,1.0,66.11,0.0
CUST-00519,2026-02-08,12,1072.95,89.41250000000001,21,1.0,74.78,1.0
CUST-00520,2025-07-17,3,670.29,223.42999999999998,227,8.0,64.4025,7.0
CUST-00521,2025-10-21,3,308.08,102.69333333333333,131,7.0,41.94285714285714,6.0
CUST-00522,2026-02-14,13,912.1,70.16153846153847,15,8.0,47.1375,3.0
CUST-00523,2026-01-07,18,1005.4,55.855555555555554,53,4.0,55.36,7.0
CUST-00524,2026-02-05,10,2689.09,268.909,24,1.0,67.92,7.0
CUST-00525,2026-03-05,20,3172.39,158.6195,-4,6.0,75.61166666666666,5.0
CUST-00526,2026-02-08,6,1900.77,316.795,21,5.0,53.69,1.0
CUST-00527,2026-02-10,7,1349.07,192.7242857142857,19,7.0,44.85857142857143,7.0
CUST-00528,2026-03-06,16,3584.39,224.024375,-5,6.0,59.50333333333333,3.0
CUST-00529,2026-02-10,13,1786.78,137.4446153846154,19,7.0,40.292857142857144,7.0
CUST-00530,2026-01-30,11,1866.55,169.68636363636364,30,4.0,53.5,5.0
CUST-00531,2026-01-20,14,4189.8,299.2714285714286,40,1.0,7.39,3.0
CUST-00532,2026-03-05,8,835.89,104.48625,-4,4.0,34.2675,5.0
CUST-00533,2026-02-25,13,2440.29,187.71461538461537,4,5.0,47.386,6.0
CUST-00534,2026-01-22,14,3983.18,284.5128571428571,38,1.0,84.41,0.0
CUST-00535,2025-07-25,3,934.0,311.3333333333333,219,6.0,43.675000000000004,4.0
CUST-00536,2025-11-14,3,407.76,135.92,107,5.0,44.464,7.0
CUST-00537,2026-03-05,16,1541.8600000000001,96.36625000000001,-4,1.0,12.02,7.0
CUST-00538,2026-02-28,6,141.07999999999998,23.513333333333332,1,5.0,35.56,2.0
CUST-00539,2026-02-11,11,2067.47,187.95181818181817,18,7.0,58.63285714285714,7.0
CUST-00540,2025-12-17,6,1989.73,331.62166666666667,74,7.0,50.47428571428571,5.0
CUST-00541,2026-03-03,13,4317.22,332.0938461538462,-2,4.0,33.105000000000004,0.0
CUST-00542,2026-02-12,20,2537.79,126.8895,17,1.0,25.4,4.0
CUST-00543,2026-01-19,10,2781.96,278.196,41,8.0,58.8025,1.0
CUST-00544,2026-01-02,4,91.24,22.81,58,3.0,45.129999999999995,1.0
CUST-00545,2025-06-24,4,973.78,243.445,250,4.0,70.92750000000001,2.0
CUST-00546,2025-10-29,7,1286.9,183.84285714285716,123,0.0,0.0,0.0
CUST-00547,2025-12-19,11,2182.72,198.4290909090909,72,6.0,38.11833333333333,1.0
CUST-00548,2025-09-13,3,911.6,303.8666666666667,169,3.0,59.49333333333334,3.0
CUST-00549,2025-12-17,18,1243.68,69.09333333333333,74,2.0,47.025,3.0
CUST-00550,2026-02-27,9,2095.11,232.79000000000002,2,5.0,38.44,8.0
CUST-00551,2025-11-21,16,4559.14,284.94625,100,1.0,72.8,2.0
CUST-00552,2026-02-22,16,1083.83,67.739375,7,2.0,45.730000000000004,2.0
CUST-00553,2026-02-25,16,1946.48,121.655,4,3.0,52.47,5.0
CUST-00554,2026-02-28,14,989.89,70.70642857142857,1,8.0,30.189999999999998,5.0
CUST-00555,2026-02-27,4,276.51,69.1275,2,6.0,54.846666666666664,7.0
CUST-00556,2026-02-26,3,784.6600000000001,261.55333333333334,3,4.0,49.754999999999995,1.0
CUST-00557,2026-02-23,12,1064.27,88.68916666666667,6,1.0,27.81,1.0
CUST-00558,2026-03-03,15,4482.97,298.86466666666666,-2,7.0,54.705714285714286,7.0
CUST-00559,2026-01-14,3,176.94,58.98,46,7.0,66.68857142857142,1.0
CUST-00560,2025-12-02,14,3513.09,250.935,89,8.0,28.79125,0.0
CUST-00561,2025-05-05,3,115.66,38.553333333333335,300,5.0,64.24600000000001,4.0
CUST-00562,2026-03-01,19,4296.77,226.14578947368423,0,5.0,47.12,7.0
CUST-00563,2025-11-22,3,686.16,228.72,99,8.0,43.19875,6.0
CUST-00564,2026-03-05,14,3104.79,221.7707142857143,-4,7.0,40.07714285714286,5.0
CUST-00565,2026-02-06,16,4919.11,307.444375,23,8.0,38.75375,6.0
CUST-00566,2026-03-02,20,5507.98,275.399,-1,3.0,35.54,0.0
CUST-00567,2025-12-10,13,3571.38,274.72153846153844,81,8.0,53.435,4.0
CUST-00568,2025-10-18,3,492.75,164.25,134,2.0,54.735,2.0
CUST-00569,2026-02-23,17,3854.81,226.7535294117647,6,2.0,83.11500000000001,7.0
CUST-00570,2026-01-23,8,1884.2,235.525,37,3.0,44.96,1.0
CUST-00571,2025-11-30,7,2458.5299999999997,351.2185714285714,91,7.0,36.61714285714286,2.0
CUST-00572,2026-01-05,11,1880.67,170.97,55,3.0,39.016666666666666,5.0
CUST-00573,2026-03-04,19,2359.26,124.17157894736843,-3,5.0,50.128,7.0
CUST-00574,2025-12-09,4,1036.1200000000001,259.03000000000003,82,1.0,48.0,3.0
CUST-00575,2026-02-05,8,1849.67,231.20875,24,6.0,68.39333333333333,1.0
CUST-00576,2025-11-05,14,1776.58,126.89857142857143,116,7.0,56.23857142857143,4.0
CUST-00577,2026-02-19,5,1411.09,282.21799999999996,10,3.0,49.26333333333333,6.0
CUST-00578,2026-02-17,15,5970.98,398.0653333333333,12,2.0,59.085,7.0
CUST-00579,2026-03-06,19,471.53,24.81736842105263,-5,0.0,0.0,6.0
CUST-00580,2026-02-20,19,5596.87,294.5721052631579,9,3.0,56.416666666666664,2.0
CUST-00581,2026-01-20,13,3642.0,280.15384615384613,40,8.0,47.535,0.0
CUST-00582,2026-01-28,13,4083.75,314.13461538461536,32,8.0,35.833749999999995,3.0
CUST-00583,2026-02-25,15,511.38,34.092,4,3.0,46.82333333333333,8.0
CUST-00584,2026-01-27,8,526.66,65.8325,33,6.0,41.221666666666664,6.0
CUST-00585,2026-01-15,6,370.96,61.82666666666666,45,7.0,46.18714285714286,8.0
CUST-00586,2026-02-09,8,1666.77,208.34625,20,0.0,0.0,8.0
CUST-00587,2025-12-02,3,607.12,202.37333333333333,89,5.0,46.836,4.0
CUST-00588,2026-03-01,18,5324.3099999999995,295.79499999999996,0,3.0,86.61333333333333,0.0
CUST-00589,2026-02-12,19,1087.87,57.25631578947368,17,8.0,57.18625,7.0
CUST-00590,2025-12-21,7,2244.5,320.64285714285717,70,1.0,95.05,4.0
CUST-00591,2025-11-23,6,171.04,28.506666666666664,98,3.0,80.24,8.0
CUST-00592,2026-01-14,13,781.01,60.07769230769231,46,1.0,65.25,4.0
CUST-00593,2026-02-25,4,854.06,213.515,4,3.0,53.96666666666667,3.0
CUST-00594,2026-03-06,18,3731.79,207.32166666666666,-5,6.0,37.16166666666667,1.0
CUST-00595,2026-02-12,9,3369.19,374.3544444444444,17,0.0,0.0,0.0
CUST-00596,2026-02-15,12,3554.98,296.24833333333333,14,0.0,0.0,8.0
CUST-00597,2025-11-06,11,3832.33,348.39363636363635,115,6.0,35.18666666666667,4.0
CUST-00598,2026-01-14,10,3712.5099999999998,371.251,46,5.0,36.023999999999994,3.0
CUST-00599,2025-11-12,4,120.3,30.075,109,3.0,60.129999999999995,0.0
CUST-00600,2026-02-06,11,3692.7400000000002,335.7036363636364,23,3.0,49.75333333333333,1.0
CUST-00601,2026-02-18,11,892.69,81.15363636363637,11,3.0,71.28,1.0
CUST-00602,2026-02-18,11,2837.08,257.91636363636366,11,7.0,40.207142857142856,5.0
CUST-00603,2026-03-05,20,4771.89,238.5945,-4,3.0,40.66,1.0
CUST-00604,2026-02-18,14,4095.65,292.5464285714286,11,7.0,47.23857142857143,3.0
CUST-00605,2026-01-09,18,1467.0,81.5,51,4.0,38.535,6.0
CUST-00606,2026-03-05,10,1933.49,193.349,-4,4.0,38.11,3.0
CUST-00607,2026-02-26,17,3510.93,206.52529411764704,3,6.0,56.97,7.0
CUST-00608,2026-02-19,16,1204.99,75.311875,10,6.0,32.50666666666667,4.0
CUST-00609,2026-01-09,9,1530.79,170.08777777777777,51,1.0,25.5,0.0
CUST-00610,2026-01-30,16,2436.72,152.295,30,4.0,59.037499999999994,5.0
CUST-00611,2025-12-22,13,2540.25,195.40384615384616,69,7.0,55.67142857142858,1.0
CUST-00612,2026-01-11,6,375.76,62.626666666666665,49,5.0,45.93,8.0
CUST-00613,2026-02-16,16,1002.4300000000001,62.651875000000004,13,4.0,51.545,6.0
CUST-00614,2025-09-26,11,1730.57,157.32454545454544,156,3.0,54.78666666666667,4.0
CUST-00615,2026-02-04,20,3976.9300000000003,198.84650000000002,25,5.0,16.674,2.0
CUST-00616,2025-12-29,6,2453.7,408.95,62,8.0,55.49375,7.0
CUST-00617,2026-02-11,15,320.75,21.383333333333333,18,6.0,45.653333333333336,8.0
CUST-00618,2026-02-07,17,1195.42,70.31882352941177,22,3.0,60.13999999999999,1.0
CUST-00619,2026-01-30,16,5167.0599999999995,322.94124999999997,30,5.0,61.876,5.0
CUST-00620,2026-03-04,5,1352.63,270.526,-3,1.0,26.59,1.0
CUST-00621,2026-01-08,3,416.45,138.81666666666666,52,0.0,0.0,6.0
CUST-00622,2025-11-13,11,1516.27,137.84272727272727,108,8.0,56.855,6.0
CUST-00623,2025-09-14,4,543.5,135.875,168,8.0,35.722500000000004,4.0
CUST-00624,2026-02-05,18,4339.41,241.07833333333332,24,7.0,53.01857142857143,2.0
CUST-00625,2026-01-05,12,1370.3,114.19166666666666,55,7.0,64.21428571428571,7.0
CUST-00626,2025-12-19,4,741.3,185.325,72,5.0,38.06,1.0
CUST-00627,2026-03-01,17,1080.13,63.53705882352942,0,0.0,0.0,5.0
CUST-00628,2026-03-06,15,4221.27,281.418,-5,5.0,49.606,6.0
CUST-00629,2025-11-27,16,3231.59,201.974375,94,6.0,36.715,3.0
CUST-00630,2026-02-20,8,1714.15,214.26875,9,7.0,53.95428571428572,2.0
CUST-00631,2026-01-10,19,4999.96,263.1557894736842,50,1.0,22.32,6.0
CUST-00632,2026-01-29,14,1563.78,111.69857142857143,31,3.0,79.36333333333333,4.0
CUST-00633,2026-02-25,5,1542.72,308.544,4,1.0,63.85,5.0
CUST-00634,2026-02-04,15,1107.98,73.86533333333334,25,5.0,35.888,0.0
CUST-00635,2026-02-11,17,4342.89,255.46411764705886,18,1.0,79.65,8.0
CUST-00636,2026-02-16,17,1188.18,69.89294117647059,13,1.0,73.27,1.0
CUST-00637,2026-01-30,18,649.93,36.10722222222222,30,0.0,0.0,6.0
CUST-00638,2025-10-30,14,4363.78,311.6985714285714,122,5.0,44.306000000000004,7.0
CUST-00639,2026-01-01,20,2495.72,124.78599999999999,59,3.0,37.660000000000004,2.0
CUST-00640,2026-03-03,16,4062.54,253.90875,-2,1.0,51.29,0.0
CUST-00641,2026-02-11,16,4294.82,268.42625,18,6.0,67.00833333333334,8.0
CUST-00642,2026-02-28,17,6114.8,359.6941176470588,1,0.0,0.0,5.0
CUST-00643,2026-01-08,18,4960.89,275.605,52,5.0,41.824,7.0
CUST-00644,2026-03-03,16,1869.96,116.8725,-2,2.0,56.405,1.0
CUST-00645,2026-02-16,11,3811.59,346.5081818181818,13,2.0,62.64,0.0
CUST-00646,2026-03-04,15,4683.3,312.22,-3,8.0,48.305,6.0
CUST-00647,2026-02-27,7,1108.51,158.35857142857142,2,3.0,55.22333333333333,7.0
CUST-00648,2026-02-15,14,3726.69,266.19214285714287,14,0.0,0.0,8.0
CUST-00649,2026-02-27,11,599.95,54.540909090909096,2,4.0,26.86,0.0
CUST-00650,2026-03-04,18,4235.75,235.31944444444446,-3,8.0,41.83625,6.0
CUST-00651,2026-02-04,11,256.86,23.35090909090909,25,2.0,66.445,5.0
CUST-00652,2025-11-30,7,1562.03,223.14714285714285,91,7.0,59.74857142857143,1.0
CUST-00653,2026-02-22,19,6787.24,357.22315789473686,7,5.0,50.468,0.0
CUST-00654,2026-02-25,16,2160.63,135.039375,4,0.0,0.0,7.0
CUST-00655,2026-01-31,10,2692.49,269.24899999999997,29,5.0,47.38199999999999,3.0
CUST-00656,2025-12-17,6,1402.75,233.79166666666666,74,3.0,36.29,8.0
CUST-00657,2025-12-09,13,3351.52,257.8092307692308,82,1.0,86.93,0.0
CUST-00658,2026-02-05,13,3793.73,291.8253846153846,24,6.0,63.86166666666667,4.0
CUST-00659,2026-03-02,14,914.63,65.33071428571428,-1,0.0,0.0,6.0
CUST-00660,2026-02-28,12,1852.27,154.35583333333332,1,6.0,39.07,6.0
CUST-00661,2026-02-06,7,1631.47,233.06714285714287,23,7.0,45.17857142857143,2.0
CUST-00662,2026-02-22,11,3405.67,309.60636363636365,7,6.0,56.06166666666667,8.0
CUST-00663,2026-03-04,18,1948.48,108.24888888888889,-3,6.0,32.95666666666667,4.0
CUST-00664,2026-01-10,6,287.05,47.84166666666667,50,5.0,58.455999999999996,0.0
CUST-00665,2026-02-05,13,1521.1399999999999,117.01076923076923,24,3.0,57.98666666666666,4.0
CUST-00666,2026-01-13,18,5407.29,300.405,47,7.0,66.38428571428571,0.0
CUST-00667,2026-02-01,20,5429.34,271.467,28,3.0,66.43,2.0
CUST-00668,2026-01-25,7,1740.93,248.70428571428573,35,5.0,54.227999999999994,6.0
CUST-00669,2026-02-15,13,2688.51,206.80846153846156,14,6.0,31.748333333333335,8.0
CUST-00670,2026-02-22,10,2797.3,279.73,7,4.0,62.739999999999995,6.0
CUST-00671,2026-02-23,14,3517.24,251.23142857142855,6,5.0,49.456,3.0
CUST-00672,2026-01-30,14,874.92,62.49428571428571,30,8.0,51.2575,4.0
CUST-00673,2026-02-04,15,1019.91,67.994,25,1.0,22.92,1.0
CUST-00674,2026-02-12,16,2102.1,131.38125,17,8.0,45.42375,5.0
CUST-00675,2025-09-21,3,1093.1,364.3666666666666,161,8.0,47.065,7.0
CUST-00676,2026-01-13,11,2535.51,230.50090909090912,47,1.0,31.91,4.0
CUST-00677,2026-03-05,9,849.53,94.39222222222222,-4,0.0,0.0,3.0
CUST-00678,2025-12-14,8,1462.76,182.845,77,1.0,94.12,4.0
CUST-00679,2025-12-28,5,1147.09,229.41799999999998,63,4.0,71.59,1.0
CUST-00680,2025-12-03,7,953.72,136.24571428571429,88,1.0,29.53,8.0
CUST-00681,2026-03-06,19,3518.69,185.1942105263158,-5,3.0,74.46,4.0
CUST-00682,2026-02-14,11,1160.78,105.52545454545454,15,7.0,42.75857142857143,0.0
CUST-00683,2026-02-10,9,391.98,43.553333333333335,19,2.0,63.585,2.0
CUST-00684,2026-01-24,9,1330.49,147.8322222222222,36,1.0,76.26,1.0
CUST-00685,2026-03-03,11,1537.26,139.7509090909091,-2,2.0,70.53,0.0
CUST-00686,2026-02-16,6,1159.2,193.20000000000002,13,5.0,81.27799999999999,8.0
CUST-00687,2026-02-07,11,3085.66,280.51454545454544,22,2.0,72.53,6.0
CUST-00688,2026-03-05,17,5100.55,300.0323529411765,-4,2.0,11.56,5.0
CUST-00689,2026-01-28,8,1802.03,225.25375,32,7.0,61.17714285714286,2.0
CUST-00690,2026-01-15,12,2373.55,197.79583333333335,45,1.0,12.19,7.0
CUST-00691,2026-02-04,15,2736.73,182.44866666666667,25,6.0,63.06166666666667,2.0
CUST-00692,2025-12-18,12,1042.58,86.88166666666666,73,3.0,66.73333333333333,1.0
CUST-00693,2026-03-03,9,2410.84,267.87111111111113,-2,5.0,53.938,1.0
CUST-00694,2026-02-27,19,3931.45,206.91842105263157,2,4.0,38.6025,3.0
CUST-00695,2025-12-17,11,889.19,80.83545454545455,74,6.0,63.0,3.0
CUST-00696,2026-02-18,18,2748.46,152.69222222222223,11,5.0,64.008,5.0
CUST-00697,2026-02-08,8,701.61,87.70125,21,6.0,47.55166666666667,3.0
CUST-00698,2026-01-18,16,4218.84,263.6775,42,5.0,53.938,1.0
CUST-00699,2026-02-23,17,3179.15,187.00882352941176,6,1.0,71.04,0.0
CUST-00700,2026-03-03,19,6517.87,343.0457894736842,-2,1.0,9.3,2.0
CUST-00701,2026-02-28,20,1744.12,87.20599999999999,1,4.0,46.205,1.0
CUST-00702,2026-01-27,13,1074.33,82.64076923076922,33,0.0,0.0,8.0
CUST-00703,2026-02-11,10,2651.24,265.12399999999997,18,4.0,42.725,7.0
CUST-00704,2026-02-09,18,627.28,34.84888888888889,20,5.0,45.368,0.0
CUST-00705,2026-02-26,20,3417.94,170.897,3,4.0,45.542500000000004,6.0
CUST-00706,2026-01-30,8,266.06,33.2575,30,7.0,50.0,5.0
CUST-00707,2026-01-29,16,1910.92,119.4325,31,1.0,36.36,2.0
CUST-00708,2026-01-24,17,791.23,46.54294117647059,36,5.0,57.896,2.0
CUST-00709,2026-02-21,6,802.3499999999999,133.725,8,7.0,44.94,2.0
CUST-00710,2025-10-09,10,3599.46,359.946,143,0.0,0.0,7.0
CUST-00711,2025-11-14,4,1099.77,274.9425,107,3.0,32.75666666666667,3.0
CUST-00712,2026-01-22,6,1652.6399999999999,275.44,38,7.0,49.21714285714285,3.0
CUST-00713,2026-01-27,19,1145.82,60.30631578947368,33,7.0,55.702857142857134,8.0
CUST-00714,2026-02-27,12,1848.0,154.0,2,4.0,59.6375,1.0
CUST-00715,2026-02-02,12,2445.2799999999997,203.7733333333333,27,0.0,0.0,6.0
CUST-00716,2026-01-19,9,1141.75,126.86111111111111,41,4.0,36.317499999999995,0.0
CUST-00717,2026-01-03,7,2316.19,330.88428571428574,57,3.0,54.699999999999996,1.0
CUST-00718,2026-01-23,20,1258.57,62.9285,37,6.0,43.87166666666667,1.0
CUST-00719,2025-09-26,5,1578.22,315.644,156,4.0,54.2125,2.0
CUST-00720,2026-02-08,11,2157.0,196.0909090909091,21,6.0,60.028333333333336,7.0
CUST-00721,2026-02-25,17,1448.02,85.17764705882352,4,8.0,30.3325,4.0
CUST-00722,2025-12-29,9,453.27,50.36333333333333,62,3.0,51.446666666666665,6.0
CUST-00723,2026-01-10,19,2951.52,155.34315789473683,50,5.0,40.966,2.0
CUST-00724,2025-12-08,13,2606.65,200.51153846153846,83,7.0,52.33428571428571,2.0
CUST-00725,2026-02-09,18,3942.63,219.035,20,4.0,38.91,3.0
CUST-00726,2026-03-01,12,1047.33,87.27749999999999,0,6.0,56.538333333333334,4.0
CUST-00727,2026-01-21,5,1563.06,312.61199999999997,39,0.0,0.0,5.0
CUST-00728,2026-03-05,19,6023.9400000000005,317.04947368421057,-4,5.0,63.23,1.0
CUST-00729,2026-03-06,14,3774.91,269.63642857142855,-5,3.0,84.62333333333333,8.0
CUST-00730,2026-02-14,14,4252.51,303.7507142857143,15,2.0,37.635000000000005,0.0
CUST-00731,2025-12-25,18,2472.51,137.36166666666668,66,3.0,30.933333333333334,5.0
CUST-00732,2025-11-20,7,170.85,24.407142857142855,101,7.0,44.785714285714285,7.0
CUST-00733,2026-01-28,14,2699.4700000000003,192.81928571428574,32,4.0,45.269999999999996,3.0
CUST-00734,2026-02-12,10,2664.35,266.435,17,3.0,60.580000000000005,2.0
CUST-00735,2026-01-15,6,473.36,78.89333333333333,45,1.0,57.97,6.0
CUST-00736,2025-12-03,3,374.09000000000003,124.69666666666667,88,0.0,0.0,8.0
CUST-00737,2026-02-24,17,2703.55,159.03235294117647,5,0.0,0.0,0.0
CUST-00738,2026-01-04,14,408.0,29.142857142857142,56,1.0,87.76,8.0
CUST-00739,2026-01-09,9,842.29,93.58777777777777,51,8.0,59.07625,8.0
CUST-00740,2025-10-30,6,983.13,163.855,122,7.0,59.61142857142857,5.0
CUST-00741,2026-01-09,9,1879.4,208.82222222222222,51,7.0,31.30857142857143,0.0
CUST-00742,2026-02-05,8,2627.36,328.42,24,7.0,52.80428571428571,5.0
CUST-00743,2026-02-28,11,2140.22,194.56545454545451,1,7.0,52.67285714285715,0.0
CUST-00744,2025-12-09,6,1125.6399999999999,187.60666666666665,82,5.0,38.61,2.0
CUST-00745,2026-02-23,17,3861.9,227.17058823529413,6,6.0,43.11333333333334,0.0
CUST-00746,2025-12-19,13,3105.41,238.87769230769229,72,8.0,65.93625,2.0
CUST-00747,2026-02-17,17,1441.8,84.81176470588235,12,5.0,53.012,6.0
CUST-00748,2025-11-29,13,2487.79,191.36846153846153,92,4.0,60.53,3.0
CUST-00749,2025-12-16,7,631.21,90.17285714285715,75,5.0,54.534000000000006,1.0
CUST-00750,2026-01-24,11,2753.71,250.33727272727273,36,7.0,51.93142857142857,6.0
CUST-00751,2026-02-22,17,4855.78,285.6341176470588,7,1.0,48.56,4.0
CUST-00752,2026-02-21,17,608.3,35.78235294117647,8,2.0,47.595,2.0
CUST-00753,2025-11-21,9,2962.9700000000003,329.2188888888889,100,5.0,46.952,4.0
CUST-00754,2025-11-18,3,216.42,72.14,103,4.0,51.3175,4.0
CUST-00755,2026-02-04,8,1027.1399999999999,128.39249999999998,25,3.0,51.89666666666667,8.0
CUST-00756,2026-02-26,16,1240.53,77.533125,3,5.0,56.178,5.0
CUST-00757,2026-02-12,20,2802.0299999999997,140.1015,17,2.0,11.52,1.0
CUST-00758,2025-09-09,3,522.47,174.15666666666667,173,4.0,49.6125,2.0
CUST-00759,2026-02-26,10,1611.55,161.155,3,7.0,50.79857142857143,2.0
CUST-00760,2026-02-11,17,6939.53,408.2076470588235,18,4.0,57.985,8.0
CUST-00761,2026-02-16,6,1723.36,287.22666666666663,13,4.0,38.754999999999995,5.0
CUST-00762,2026-02-18,9,2954.1,328.23333333333335,11,1.0,58.02,0.0
CUST-00763,2026-01-21,8,2537.1,317.1375,39,4.0,62.1275,5.0
CUST-00764,2026-01-29,12,2033.65,169.47083333333333,31,0.0,0.0,6.0
CUST-00765,2025-09-18,4,543.25,135.8125,164,2.0,25.985,2.0
CUST-00766,2026-02-01,15,998.2,66.54666666666667,28,2.0,56.375,7.0
CUST-00767,2026-01-19,14,2678.25,191.30357142857142,41,5.0,49.244,5.0
CUST-00768,2026-02-16,7,1404.69,200.67000000000002,13,8.0,39.91875,2.0
CUST-00769,2026-02-10,11,3256.35,296.03181818181815,19,6.0,36.56166666666667,4.0
CUST-00770,2026-01-12,11,2887.69,262.5172727272727,48,6.0,44.305,4.0
CUST-00771,2026-01-21,11,1987.1399999999999,180.6490909090909,39,5.0,65.708,8.0
CUST-00772,2025-12-11,15,971.93,64.79533333333333,80,7.0,73.2942857142857,5.0
CUST-00773,2025-12-18,10,2979.75,297.975,73,2.0,53.625,7.0
CUST-00774,2025-09-26,5,652.34,130.46800000000002,156,6.0,46.95166666666666,6.0
CUST-00775,2026-02-19,8,1683.29,210.41125,10,2.0,81.12,6.0
CUST-00776,2026-02-26,10,295.12,29.512,3,4.0,40.83,0.0
CUST-00777,2026-02-24,20,6857.6,342.88,5,3.0,46.03,2.0
CUST-00778,2025-07-02,4,473.08,118.27,242,3.0,51.54,7.0
CUST-00779,2025-11-04,11,1182.1,107.46363636363635,117,4.0,34.1075,7.0
CUST-00780,2026-01-04,19,3706.15,195.06052631578947,56,7.0,55.324285714285715,0.0
CUST-00781,2026-01-25,17,2378.44,139.90823529411765,35,3.0,50.35666666666666,1.0
CUST-00782,2026-03-04,5,1748.28,349.656,-3,8.0,41.59125,2.0
CUST-00783,2026-01-26,8,604.44,75.555,34,1.0,40.84,0.0
CUST-00784,2026-02-15,16,763.17,47.698125,14,5.0,49.025999999999996,1.0
CUST-00785,2026-02-17,14,1180.53,84.32357142857143,12,8.0,50.33875,2.0
CUST-00786,2026-01-20,11,2780.35,252.7590909090909,40,2.0,25.85,1.0
CUST-00787,2026-02-10,18,2695.45,149.7472222222222,19,2.0,56.815,7.0
CUST-00788,2026-02-20,19,1432.17,75.37736842105264,9,2.0,61.715,3.0
CUST-00789,2025-11-24,7,446.51,63.787142857142854,97,8.0,34.2025,1.0
CUST-00790,2025-12-01,11,1644.72,149.52,90,1.0,74.0,5.0
CUST-00791,2026-01-16,19,4781.64,251.66526315789474,44,1.0,95.78,5.0
CUST-00792,2026-02-20,19,4552.23,239.59105263157892,9,1.0,82.68,1.0
CUST-00793,2025-09-30,3,645.03,215.01,152,3.0,31.323333333333334,2.0
CUST-00794,2026-02-14,6,963.1,160.51666666666668,15,1.0,43.26,1.0
CUST-00795,2026-01-21,19,1350.77,71.09315789473685,39,6.0,37.99,8.0
CUST-00796,2026-02-26,19,1531.18,80.58842105263159,3,4.0,64.86749999999999,4.0
CUST-00797,2026-02-23,17,5046.96,296.88,6,1.0,2.49,4.0
CUST-00798,2026-01-25,3,231.94,77.31333333333333,35,5.0,79.25399999999999,2.0
CUST-00799,2026-02-09,10,693.85,69.385,20,0.0,0.0,4.0
CUST-00800,2026-03-01,10,2026.51,202.651,0,5.0,28.612000000000002,6.0
